timestamp_ms,angle_rad,velocity,wheel_vel,pwm,is_valid
137373.0,0.0384,0.0044,-4862.5015,255.0,1
137383.0,0.0384,0.0076,-8806.8975,255.0,1
137392.0,0.0384,0.0087,-7285.6997,255.0,1
137403.0,0.0384,0.0076,-6026.1245,255.0,1
137414.0,0.0384,-0.0905,-4984.1133,255.0,1
137424.0,0.0373,-0.1134,-4123.2173,255.0,1
137434.0,0.0362,-0.0731,-3409.8914,255.0,1
137443.0,0.0351,-0.1462,-2818.6462,255.0,1
137453.0,0.0329,-0.1909,-2329.5256,255.0,1
137463.0,0.0308,-0.1887,-1924.8904,255.0,1
137474.0,0.0286,-0.2345,-1589.0164,255.0,1
137484.0,0.0264,-0.2596,-1311.157,-255.0,1
137493.0,0.0242,-0.2422,-1081.292,-255.0,1
137503.0,0.0209,-0.3065,-891.131,-255.0,1
137514.0,0.0188,-0.3033,-733.8162,-255.0,1
137524.0,0.0177,-0.0971,-603.674,244.8,1
137534.0,0.0177,-0.0033,-497.1415,211.55,1
137543.0,0.0166,-0.1309,-409.0103,107.94,1
137553.0,0.0166,-0.0295,-336.1017,158.1,1
137564.0,0.0177,0.1069,-275.7865,193.54,1
137575.0,0.0177,0.0153,-225.8894,151.28,1
137585.0,0.0188,0.1451,-183.4805,206.38,1
137593.0,0.0209,0.1527,-148.3968,210.95,1
137603.0,0.0209,0.0556,-120.5035,164.62,1
137615.0,0.0209,0.1309,-96.2976,203.36,1
137625.0,0.0231,0.1549,-75.1423,214.73,1
137635.0,0.0231,0.0556,-58.7716,164.59,1
137643.0,0.0242,0.1004,-45.2286,190.94,1
137654.0,0.0253,0.1134,-32.8943,202.52,1
137665.0,0.0253,0.0316,-22.6906,163.28,1
137675.0,0.0264,0.0764,-14.2493,186.23,1
137685.0,0.0275,0.0458,-7.266,175.23,1
137694.0,0.0264,-0.012,-1.4889,141.88,1
137704.0,0.0275,0.0404,4.4208,182.19,1
137715.0,0.0275,0.0447,9.3097,174.09,1
137726.0,0.0275,-0.0491,12.2236,127.71,1
137736.0,0.0275,0.0273,15.7648,167.42,1
137744.0,0.0275,-0.0022,18.6943,151.9,1
137754.0,0.0264,-0.0764,21.1178,110.8,1
137766.0,0.0264,-0.0415,23.1226,128.54,1
137776.0,0.0264,-0.0502,24.7812,124.4,1
137786.0,0.0253,-0.1069,26.1533,91.87,1
137794.0,0.0242,-0.0698,27.2884,111.44,1
137804.0,0.0242,-0.0415,28.2275,120.86,1
137816.0,0.0231,-0.0894,29.0043,91.56,1
137826.0,0.022,-0.0731,30.7775,95.66,1
137836.0,0.022,-0.0338,31.1138,115.47,1
137844.0,0.0209,-0.0644,31.3921,95.97,1
137854.0,0.0209,-0.0371,31.6223,109.72,1
137866.0,0.0209,-0.0033,31.8128,126.72,1
137877.0,0.0209,-0.0393,33.1008,108.85,1
137887.0,0.0209,-0.0131,34.1664,122.05,1
137894.0,0.0209,0.0109,33.9174,134.08,1
137907.0,0.0209,-0.0131,33.7114,122.11,1
137916.0,0.0209,0.0055,34.6716,131.46,1
137926.0,0.0209,0.0327,35.4658,145.17,1
137937.0,0.0209,0.0076,36.1229,137.91,1
137945.0,0.0209,0.0196,36.6665,138.03,1
137955.0,0.0209,0.0491,37.1162,152.93,1
137967.0,0.022,0.0218,36.3577,143.75,1
137977.0,0.022,0.0262,35.7302,146.0,1
137987.0,0.022,0.0458,36.3416,155.93,1
137995.0,0.022,0.0229,36.8474,144.57,1
138005.0,0.0231,0.0262,37.2658,150.65,1
138017.0,0.0231,0.048,37.612,161.62,1
138027.0,0.0231,0.0436,37.8984,159.49,1
138037.0,0.0242,0.0436,38.1353,163.9,1
138045.0,0.0242,0.0687,38.3312,176.48,1
138055.0,0.0253,0.0469,39.6239,171.07,1
138067.0,0.0253,0.0545,40.6932,173.78,1
138077.0,0.0264,0.0894,41.5779,197.78,1
138088.0,0.0275,0.0502,42.3097,180.22,1
138095.0,0.0275,0.0436,42.9152,177.06,1
138105.0,0.0286,0.0753,43.416,197.34,1
138118.0,0.0286,0.0327,43.8304,176.15,1
138128.0,0.0286,0.0295,44.1732,174.58,1
138138.0,0.0297,0.0742,44.4567,203.46,1
138145.0,0.0297,0.0076,45.8218,167.92,1
138157.0,0.0297,-0.0131,45.8206,157.65,1
138168.0,0.0297,0.0676,45.8196,198.08,1
138178.0,0.0297,-0.0142,46.9493,157.29,1
138188.0,0.0297,-0.0262,47.8839,151.39,1
138195.0,0.0308,0.0665,48.657,208.48,1
138208.0,0.0308,0.0087,49.2966,172.52,1
138218.0,0.0297,-0.0393,50.9562,144.44,1
138228.0,0.0308,0.0611,52.3292,204.46,1
138238.0,0.0308,0.0196,52.3345,177.93,1
138246.0,0.0297,-0.0589,52.3389,145.02,1
138256.0,0.0308,0.036,53.473,188.36,1
138268.0,0.0308,-0.0076,54.4112,163.48,1
138278.0,0.0297,-0.0905,55.1874,118.14,1
138289.0,0.0297,0.0218,55.8295,174.71,1
138296.0,0.0297,0.0251,56.3607,176.65,1
138306.0,0.0297,-0.0731,56.8002,127.82,1
138318.0,0.0297,0.0044,57.1637,170.94,1
138329.0,0.0297,0.0327,58.595,182.7,1
138338.0,0.0286,-0.0622,59.779,128.81,1
138346.0,0.0297,0.0109,59.628,183.57,1
138356.0,0.0297,0.0393,59.5031,182.51,1
138369.0,0.0297,-0.0229,60.5303,152.0,1
138379.0,0.0297,0.0098,61.38,173.02,1
138389.0,0.0297,0.0327,62.083,180.11,1
138396.0,0.0297,-0.0262,62.6645,151.07,1
138406.0,0.0297,0.036,63.1456,184.59,1
138419.0,0.0308,0.0567,63.5436,197.21,1
138429.0,0.0308,0.0,63.8729,173.32,1
138439.0,0.0308,0.0436,64.1453,194.8,1
138446.0,0.0319,0.0829,64.3706,214.34,1
138458.0,0.0319,-0.0044,65.6875,171.12,1
138469.0,0.0319,0.0131,66.777,180.19,1
138479.0,0.0319,0.0676,66.5477,207.66,1
138489.0,0.0319,-0.0305,67.4886,164.05,1
138496.0,0.0319,-0.0055,69.3975,171.96,1
138506.0,0.0329,0.0829,69.8461,219.6,1
138520.0,0.0329,-0.0044,70.2173,176.22,1
138529.0,0.0329,-0.0382,71.6548,159.59,1
138539.0,0.0329,0.072,72.844,222.23,1
138547.0,0.034,0.0447,72.6974,204.77,1
138557.0,0.0329,-0.0873,72.576,134.7,1
138570.0,0.0329,0.0513,73.6061,213.7,1
138579.0,0.0329,0.0055,74.4583,180.36,1
138589.0,0.0329,-0.0862,76.2938,135.06,1
138597.0,0.0329,0.012,77.8123,184.57,1
138607.0,0.0329,0.0578,77.9379,215.08,1
138620.0,0.0319,-0.0796,79.1724,133.98,1
138630.0,0.0319,-0.0349,80.1936,172.49,1
138640.0,0.0329,0.0545,79.908,205.1,1
138647.0,0.0319,-0.0578,80.8021,144.08,1
138657.0,0.0308,-0.0687,81.5419,146.39,1
138670.0,0.0319,0.0513,82.1538,198.18,1
138680.0,0.0319,-0.0076,83.7906,187.3,1
138690.0,0.0308,-0.0687,84.0142,132.76,1
138697.0,0.0319,0.0284,84.1991,197.06,1
138710.0,0.0319,0.0142,84.3521,184.07,1
138720.0,0.0308,-0.0611,84.4786,137.01,1
138730.0,0.0308,0.0065,85.7138,186.39,1
138740.0,0.0319,0.0404,86.7357,191.78,1
138747.0,0.0308,-0.0393,87.5811,155.91,1
138757.0,0.0308,0.0229,88.2804,179.48,1
138770.0,0.0319,0.0393,88.8589,192.85,1
138780.0,0.0308,-0.0295,89.3375,154.8,1
138790.0,0.0308,-0.0011,89.7335,169.51,1
138797.0,0.0319,0.048,91.1915,209.4,1
138810.0,0.0319,-0.0109,92.3977,168.48,1
138820.0,0.0319,-0.0022,92.2651,173.38,1
138830.0,0.0319,0.0731,93.2859,211.52,1
138840.0,0.0319,-0.0022,94.1303,174.3,1
138847.0,0.0319,-0.0251,93.6984,163.1,1
138857.0,0.0329,0.0513,94.4716,205.92,1
138871.0,0.0329,0.0229,95.1112,204.54,1
138881.0,0.0329,-0.0349,95.6404,161.57,1
138891.0,0.0329,0.0731,97.2086,231.84,1
138898.0,0.034,0.0687,97.3755,216.6,1
138908.0,0.0329,-0.0436,97.5136,156.78,1
138921.0,0.0329,0.0,98.7583,179.26,1
138931.0,0.034,0.0535,99.788,210.88,1
138941.0,0.034,-0.0425,100.6399,163.31,1
138948.0,0.0329,-0.0142,101.3446,180.81,1
138958.0,0.0351,0.1189,101.9276,250.14,1
138971.0,0.034,-0.0142,102.4098,177.29,1
138981.0,0.034,-0.0589,102.8088,158.47,1
138991.0,0.034,0.0349,104.2694,206.4,1
138998.0,0.034,0.0295,106.6082,199.42,1
139008.0,0.034,-0.072,107.4125,160.64,1
139021.0,0.034,0.0436,106.9474,205.67,1
139031.0,0.0351,0.0404,107.6931,209.0,1
139041.0,0.034,-0.0993,109.4405,135.39,1
139048.0,0.0329,-0.0425,109.7556,175.48,1
139058.0,0.034,0.0742,110.0163,220.7,1
139071.0,0.034,-0.0218,111.3624,197.54,1
139081.0,0.0329,-0.0578,111.3456,148.4,1
139091.0,0.034,0.0382,111.3316,216.48,1
139098.0,0.034,0.0055,112.4506,184.44,1
139108.0,0.0329,-0.0894,114.5067,133.85,1
139121.0,0.0329,0.0404,116.2078,210.21,1
139131.0,0.034,0.0589,116.4845,212.69,1
139141.0,0.0329,-0.0676,116.7134,145.91,1
139148.0,0.0329,-0.0502,116.9027,158.47,1
139158.0,0.0329,0.0251,118.1899,194.22,1
139172.0,0.0329,-0.0349,119.2548,173.06,1
139182.0,0.0319,-0.036,119.0051,167.31,1
139192.0,0.0329,0.0742,118.7987,218.77,1
139199.0,0.0329,-0.0044,119.7584,177.94,1
139209.0,0.0319,-0.0415,121.6828,155.83,1
139222.0,0.0319,0.0011,122.1443,181.85,1
139232.0,0.0329,0.0654,122.5261,222.47,1
139242.0,0.0329,0.0022,122.842,190.19,1
139249.0,0.0329,0.0,123.1033,180.21,1
139259.0,0.034,0.0654,124.4499,218.1,1
139272.0,0.034,0.024,125.564,198.02,1
139282.0,0.034,0.0055,125.3551,189.17,1
139292.0,0.034,0.0578,125.1823,229.31,1
139299.0,0.0351,0.0502,126.1699,214.8,1
139309.0,0.0351,-0.024,128.1173,178.46,1
139322.0,0.034,-0.0229,129.7284,188.87,1
139332.0,0.0351,0.0796,129.9307,229.48,1
139342.0,0.0351,0.0076,130.0981,229.77,1
139349.0,0.0351,-0.0153,131.3671,178.61,1
139359.0,0.0351,0.0305,132.4168,202.99,1
139372.0,0.0351,-0.0087,132.1548,184.44,1
139382.0,0.0351,-0.0316,133.0685,173.95,1
139392.0,0.0351,-0.0011,134.9549,190.1,1
139399.0,0.0351,0.036,135.3849,209.25,1
139409.0,0.0351,0.0185,135.7407,201.01,1
139422.0,0.0351,-0.048,137.1655,182.9,1
139432.0,0.0362,0.0578,137.2137,239.56,1
139443.0,0.0362,0.0404,137.2536,228.33,1
139449.0,0.0362,0.0207,138.4171,202.92,1
139459.0,0.0362,-0.0022,139.3797,192.68,1
139472.0,0.0362,0.0011,140.1759,195.3,1
139483.0,0.0373,0.0502,141.9652,247.08,1
139493.0,0.0362,-0.0316,143.4454,205.88,1
139499.0,0.0373,0.0622,143.5394,226.17,1
139510.0,0.0373,0.0164,143.6172,204.87,1
139523.0,0.0373,-0.0273,144.812,242.04,1
139533.0,0.0362,-0.0327,146.931,170.9,1
139543.0,0.0362,0.0076,147.5534,193.49,1
139550.0,0.0373,0.0665,148.0684,229.25,1
139560.0,0.0373,-0.0447,149.6249,175.27,1
139573.0,0.0362,-0.0764,150.9125,164.8,1
139582.0,0.0362,-0.0087,151.9778,190.2,1
139593.0,0.0329,0.0589,151.7285,211.9,1
139600.0,0.0329,-0.072,151.5223,147.24,1
139610.0,0.0319,-0.0524,153.6127,168.19,1
139623.0,0.0319,0.024,154.2115,190.33,1
139633.0,0.0319,0.0098,153.5764,198.65,1
139643.0,0.0319,-0.0218,154.1815,166.92,1
139650.0,0.0319,0.0044,155.8126,193.64,1
139660.0,0.0319,0.0229,157.162,189.53,1
139673.0,0.0329,0.0513,157.1477,209.0,1
139683.0,0.0329,0.0251,157.136,196.64,1
139693.0,0.034,0.0415,158.2567,227.69,1
139700.0,0.034,0.0251,159.1839,199.9,1
139710.0,0.0351,0.0938,159.951,251.08,1
139723.0,0.0362,0.0709,160.5855,231.68,1
139733.0,0.0362,0.0273,161.1104,238.01,1
139743.0,0.0373,0.072,162.6752,234.72,1
139750.0,0.0384,0.132,162.8392,255.0,1
139760.0,0.0384,0.0469,164.1054,227.59,1
139773.0,0.0384,0.0098,166.2833,255.0,1
139783.0,0.0395,0.0993,166.9546,252.31,1
139794.0,0.0406,0.0665,167.5099,242.7,1
139800.0,0.0406,-0.0087,167.9693,227.92,1
139811.0,0.0406,0.0229,169.4799,255.0,1
139824.0,0.0406,0.0142,170.7295,214.29,1
139833.0,0.0406,0.0164,171.7633,217.88,1
139844.0,0.0406,-0.0098,173.7491,232.04,1
139851.0,0.0406,-0.0382,175.3918,191.08,1
139861.0,0.0395,-0.0436,176.7508,186.03,1
139874.0,0.0395,0.0065,177.875,224.28,1
139884.0,0.0395,-0.0556,178.8051,206.59,1
139894.0,0.0395,-0.0524,179.5745,181.11,1
139901.0,0.0395,0.0415,180.2111,229.78,1
139911.0,0.0395,-0.0098,181.8681,210.93,1
139924.0,0.0384,-0.1004,183.239,156.6,1
139934.0,0.0395,0.0393,183.2425,231.8,1
139944.0,0.0395,0.0916,184.376,255.0,1
139951.0,0.0395,-0.0971,185.3136,173.98,1
139961.0,0.0406,0.1473,186.0894,255.0,1
139974.0,0.0417,0.1473,187.8616,255.0,1
139984.0,0.0417,0.0,188.1972,219.18,1
139994.0,0.0406,-0.0916,188.4748,200.68,1
140001.0,0.0417,0.1189,189.835,255.0,1
140011.0,0.0406,-0.1145,190.9603,157.76,1
140024.0,0.0395,-0.1145,191.8911,190.42,1
140034.0,0.0406,0.0567,192.6612,241.2,1
140044.0,0.0417,0.1636,193.2983,255.0,1
140051.0,0.0417,-0.0076,193.8253,255.0,1
140061.0,0.0439,0.1505,195.3918,255.0,1
140074.0,0.0449,0.1505,197.8183,255.0,1
140084.0,0.0449,-0.0469,198.6951,255.0,1
140094.0,0.046,0.1091,198.2899,255.0,1
140101.0,0.046,0.0654,200.2158,255.0,1
140111.0,0.046,-0.0644,201.809,255.0,1
140124.0,0.046,0.0022,201.9965,229.56,1
140134.0,0.046,0.0284,204.4126,255.0,1
140144.0,0.046,-0.0371,206.4114,212.89,1
140152.0,0.0449,-0.0774,206.9344,191.21,1
140162.0,0.0449,0.036,208.4977,255.0,1
140174.0,0.0449,-0.0731,209.7908,193.33,1
140184.0,0.0439,-0.0545,210.8606,198.76,1
140195.0,0.0439,0.0338,212.8762,255.0,1
140202.0,0.0439,-0.0371,213.4131,255.0,1
140212.0,0.0428,-0.0654,213.8572,177.9,1
140225.0,0.0439,0.0382,215.3552,255.0,1
140235.0,0.0439,0.0109,216.5944,255.0,1
140245.0,0.0428,-0.0491,217.6195,175.98,1
140252.0,0.0439,0.0164,218.4676,242.9,1
140262.0,0.0439,0.0709,219.1692,255.0,1
140275.0,0.0439,-0.0731,220.8801,176.92,1
140285.0,0.0439,0.0153,222.2955,255.0,1
140295.0,0.0449,0.0938,222.3359,255.0,1
140302.0,0.0439,-0.0545,223.4998,177.76,1
140312.0,0.0439,-0.0033,224.4627,239.75,1
140325.0,0.0449,0.096,225.2593,255.0,1
140335.0,0.0449,-0.0404,227.0488,255.0,1
140345.0,0.0449,0.0033,227.3987,255.0,1
140352.0,0.0449,0.0971,227.6881,246.9,1
140362.0,0.0449,-0.0458,229.0581,184.81,1
140375.0,0.0449,0.0295,230.1914,255.0,1
140385.0,0.046,0.0807,231.129,255.0,1
140395.0,0.046,-0.0153,233.0351,255.0,1
140402.0,0.0471,0.0774,234.612,255.0,1
140412.0,0.0471,0.0349,235.9166,255.0,1
140425.0,0.0471,-0.036,236.9957,255.0,1
140435.0,0.0471,0.0949,237.8885,255.0,1
140445.0,0.0471,0.0142,238.6271,224.42,1
140453.0,0.0471,-0.0316,239.2381,255.0,1
140463.0,0.0482,0.0665,240.8741,255.0,1
140475.0,0.0471,-0.0393,242.2274,255.0,1
140485.0,0.0482,0.0175,244.4776,236.29,1
140496.0,0.0482,0.0185,245.2085,255.0,1
140503.0,0.0482,-0.0153,245.8132,255.0,1
140513.0,0.0482,0.0611,247.444,244.15,1
140525.0,0.0482,-0.0251,248.793,255.0,1
140536.0,0.0482,0.0262,251.0396,217.2,1
140546.0,0.0482,0.0087,251.7676,219.99,1
140553.0,0.0482,-0.0055,252.3699,255.0,1
140563.0,0.0493,0.0774,253.9986,252.31,1
140576.0,0.0482,-0.0469,254.2155,255.0,1
140586.0,0.0493,0.0905,255.5255,255.0,1
140596.0,0.0493,0.0131,256.6092,222.01,1
140603.0,0.0493,-0.0076,257.5056,255.0,1
140613.0,0.0504,0.1036,259.3778,255.0,1
140626.0,0.0504,0.0153,259.7961,255.0,1
140636.0,0.0515,0.0993,261.2726,255.0,1
140646.0,0.0515,-0.0207,262.4941,255.0,1
140653.0,0.0526,0.0884,263.5046,255.0,1
140663.0,0.0526,0.0415,265.4711,223.93,1
140676.0,0.0537,0.0676,267.0979,255.0,1
140686.0,0.0548,0.1069,268.4437,255.0,1
140696.0,0.0548,-0.0164,268.4265,255.0,1
140703.0,0.0559,0.18,269.5428,255.0,1
140713.0,0.0559,0.0109,271.5969,255.0,1
140726.0,0.058,0.156,272.1656,255.0,1
140736.0,0.058,0.0425,272.6361,255.0,1
140746.0,0.0602,0.1484,274.1558,255.0,1
140754.0,0.0613,0.18,276.5435,255.0,1
140764.0,0.0613,0.0349,277.3883,255.0,1
140776.0,0.0646,0.2149,278.0871,255.0,1
140786.0,0.0668,0.0818,279.7958,255.0,1
140796.0,0.0678,0.2673,281.2093,255.0,1
140804.0,0.0678,0.0938,281.2482,255.0,1
140814.0,0.0711,0.2542,282.4109,255.0,1
140826.0,0.0744,0.1953,284.5032,255.0,1
140836.0,0.0777,0.2476,285.1036,255.0,1
140846.0,0.0798,0.2793,285.6003,255.0,1
140854.0,0.0798,0.2574,287.1418,255.0,1
140864.0,0.0831,0.3578,288.4169,255.0,1
140876.0,0.0908,0.2869,289.4718,255.0,1
140886.0,0.094,0.4516,291.475,255.0,1
140897.0,0.0995,0.3251,293.1322,255.0,1
140904.0,0.0995,0.5487,293.3727,255.0,1
140914.0,0.1028,0.384,293.5716,255.0,1
140926.0,0.1137,0.636,295.9972,255.0,1
140937.0,0.1213,0.492,298.0038,255.0,1
140947.0,0.1268,0.7363,298.5332,255.0,1
140954.0,0.1268,0.6305,298.9713,255.0,1
140964.0,0.1355,0.8258,300.4642,255.0,1
140977.0,0.1518,0.805,301.6992,255.0,1
140987.0,0.1617,0.961,302.7209,255.0,1
140997.0,0.1726,0.9981,303.5661,255.0,1
141004.0,0.1726,1.1214,304.2654,255.0,1
141014.0,0.1846,1.2108,305.9743,255.0,0
141027.0,0.2118,1.3177,307.3881,255.0,0
141037.0,0.226,1.4912,307.4272,255.0,0
141047.0,0.2424,1.5119,307.4595,255.0,0
141055.0,0.2424,1.6362,308.6167,255.0,0
141065.0,0.2566,1.5315,309.5741,255.0,0
141077.0,0.2849,1.7464,310.3661,255.0,0
141087.0,0.2969,1.1792,311.0212,255.0,0
141097.0,0.298,1.1465,311.5633,255.0,0
141105.0,0.298,0.1811,312.0117,255.0,0
141115.0,0.298,-0.0142,311.2521,255.0,0
141127.0,0.2926,-0.2967,311.7543,255.0,0
141137.0,0.2893,-0.3185,312.1697,255.0,0
141147.0,0.2871,-0.2476,311.3828,255.0,0
141155.0,0.2871,-0.2814,311.8624,255.0,0
141165.0,0.2838,-0.3392,312.2592,255.0,0
141177.0,0.274,-0.3774,312.5873,255.0,0
141187.0,0.2697,-0.6425,312.8589,255.0,0
141197.0,0.262,-0.4669,313.0835,255.0,0
141205.0,0.262,-0.7898,313.2693,255.0,0
141215.0,0.2566,-0.4996,312.2925,255.0,0
141227.0,0.2446,-0.805,311.4844,255.0,0
141237.0,0.238,-0.4014,311.9465,255.0,0
141248.0,0.2358,-0.7069,312.3287,255.0,0
141255.0,0.2358,-0.2978,312.6449,255.0,0
141265.0,0.2293,-0.6567,312.9065,255.0,0
141278.0,0.2227,-0.2585,311.9924,255.0,0
141288.0,0.2249,-0.3742,311.2361,255.0,0
141298.0,0.2227,0.1647,310.6105,255.0,0
141305.0,0.2227,-0.1331,310.093,255.0,0
141316.0,0.226,0.3338,310.7954,255.0,0
141328.0,0.2337,0.1342,311.3764,255.0,0
141338.0,0.2369,0.6021,310.7266,255.0,0
141348.0,0.2446,0.3305,310.189,255.0,0
141356.0,0.2446,0.7636,309.7443,255.0,0
141366.0,0.2489,0.4538,309.3764,255.0,0
141378.0,0.2609,0.7919,310.2025,255.0,0
141388.0,0.2675,0.4407,310.886,255.0,0
141398.0,0.2707,0.684,310.3208,255.0,0
141406.0,0.2707,0.3676,309.8534,255.0,0
141416.0,0.2751,0.4658,309.4666,255.0,0
141428.0,0.2795,0.1898,309.1467,255.0,0
141438.0,0.2795,0.2182,308.882,255.0,0
141448.0,0.2784,-0.0153,308.663,255.0,0
141456.0,0.2784,-0.0927,308.4819,255.0,0
141466.0,0.2762,-0.2171,308.332,255.0,0
141478.0,0.2697,-0.3043,309.3385,255.0,0
141488.0,0.2664,-0.3371,310.1712,255.0,0
141498.0,0.262,-0.4014,309.7296,255.0,0
141506.0,0.262,-0.348,309.3642,255.0,0
141516.0,0.2587,-0.4003,309.062,255.0,0
141528.0,0.2522,-0.2989,308.8119,255.0,0
141538.0,0.2511,-0.3283,308.605,255.0,0
141549.0,0.2489,-0.1865,308.4339,255.0,0
141556.0,0.2489,-0.1974,308.2923,255.0,0
141566.0,0.2489,-0.0404,308.1752,255.0,0
141578.0,0.2478,-0.1069,308.0783,255.0,0
141588.0,0.2478,0.1036,307.9982,255.0,0
141599.0,0.25,-0.0175,307.9319,255.0,0
141607.0,0.25,0.1854,307.877,255.0,0
141617.0,0.25,0.048,307.8316,255.0,0
141629.0,0.2533,0.2683,306.6636,255.0,0
141639.0,0.2566,0.0491,306.8278,255.0,0
141649.0,0.2577,0.324,306.9637,255.0,0
141657.0,0.2577,0.0447,305.9455,255.0,0
141667.0,0.2598,0.3338,306.2338,255.0,0
141679.0,0.2631,-0.0218,306.4722,255.0,0
141689.0,0.262,0.2814,305.539,255.0,0
141699.0,0.2642,-0.0862,305.8975,255.0,0
141707.0,0.2642,0.2193,306.194,255.0,0
141717.0,0.2631,-0.1385,306.4393,255.0,0
141729.0,0.262,0.168,306.6423,255.0,0
141739.0,0.2631,-0.2236,305.6797,255.0,0
141749.0,0.2609,0.0949,304.8834,255.0,0
141757.0,0.2609,-0.2694,305.355,255.0,0
141767.0,0.2609,0.0469,305.7453,255.0,0
141779.0,0.2587,-0.2716,306.0681,255.0,0
141789.0,0.2566,0.0284,306.3352,255.0,0
141799.0,0.2566,-0.252,305.4256,255.0,0
141807.0,0.2566,0.0316,304.6731,255.0,0
141817.0,0.2544,-0.1865,305.1812,255.0,0
141829.0,0.2544,0.0567,305.6014,255.0,0
141839.0,0.2544,-0.1091,304.8186,255.0,0
141849.0,0.2544,0.0545,304.171,255.0,0
141857.0,0.2544,-0.0065,304.7657,255.0,0
141868.0,0.2555,0.0502,305.2578,255.0,0
141879.0,0.2566,0.0644,304.5343,255.0,0
141889.0,0.2577,0.0295,303.9358,255.0,0
141899.0,0.2577,0.1124,304.5712,255.0,0
141908.0,0.2577,0.0,303.9663,255.0,0
141918.0,0.2587,0.1473,303.4659,255.0,0
141929.0,0.2598,-0.0273,304.1824,255.0,0
141939.0,0.2598,0.1593,303.6447,255.0,0
141950.0,0.2609,-0.0687,303.1999,255.0,0
141958.0,0.2609,0.1396,302.8318,255.0,0
141968.0,0.2598,-0.12,302.5274,255.0,0
141980.0,0.2598,0.132,302.2755,255.0,0
141990.0,0.2609,-0.1538,303.1977,255.0,0
142000.0,0.2587,0.1244,302.83,255.0,0
142008.0,0.2587,-0.1974,302.5259,255.0,0
142019.0,0.2598,0.1167,303.4048,255.0,0
142030.0,0.2587,-0.2214,303.0014,255.0,0
142040.0,0.2566,0.1058,302.6677,255.0,0
142050.0,0.2577,-0.2018,302.3916,255.0,0
142058.0,0.2577,0.1025,302.1632,255.0,0
142068.0,0.2555,-0.1691,301.9742,255.0,0
142080.0,0.2555,0.0796,301.8179,255.0,0
142090.0,0.2566,-0.1025,301.6886,255.0,0
142100.0,0.2566,0.0633,301.5816,255.0,0
142109.0,0.2566,-0.036,301.4932,255.0,0
142119.0,0.2566,0.0349,301.42,255.0,0
142130.0,0.2566,0.0316,301.3594,255.0,0
142140.0,0.2577,0.0055,301.3093,255.0,0
142150.0,0.2566,0.0665,301.2678,255.0,0
142159.0,0.2566,-0.0251,301.2335,255.0,0
142169.0,0.2577,0.1102,301.2052,255.0,0
142180.0,0.2587,-0.0644,300.0512,255.0,0
142190.0,0.2577,0.1287,300.2271,255.0,0
142201.0,0.2587,-0.096,300.3726,255.0,0
142209.0,0.2587,0.132,299.3624,255.0,0
142219.0,0.2577,-0.1385,299.6572,255.0,0
142230.0,0.2577,0.1233,299.9011,255.0,0
142240.0,0.2587,-0.1462,300.1029,255.0,0
142251.0,0.2577,0.1156,300.2698,255.0,0
142259.0,0.2577,-0.1614,300.4079,255.0,0
142269.0,0.2577,0.1025,299.3917,255.0,0
142281.0,0.2577,-0.1385,299.6814,255.0,0
142290.0,0.2566,0.0764,299.9211,255.0,0
142301.0,0.2566,-0.0916,298.989,255.0,0
142309.0,0.2566,0.0305,299.3483,255.0,0
142320.0,0.2566,-0.0393,299.6456,255.0,0
142331.0,0.2566,-0.0142,298.761,255.0,0
142341.0,0.2566,0.0022,298.0292,255.0,0
142351.0,0.2566,-0.0404,298.5543,255.0,0
142360.0,0.2566,0.0742,298.9887,255.0,0
142370.0,0.2566,-0.072,298.2176,255.0,0
142381.0,0.2566,-0.0971,297.5797,255.0,0
142391.0,0.2577,0.1342,298.1824,255.0,0
142401.0,0.2566,-0.1091,298.6811,255.0,0
142410.0,0.2566,-0.1091,297.963,255.0,0
142420.0,0.2566,0.156,297.3691,255.0,0
142431.0,0.2577,0.1287,298.0082,255.0,0
142441.0,0.2566,-0.1047,297.4064,255.0,0
142451.0,0.2577,0.108,296.9086,255.0,0
142460.0,0.2577,0.108,297.6273,255.0,0
142470.0,0.2566,-0.0993,298.2218,255.0,0
142481.0,0.2566,-0.0676,297.5831,255.0,0
142491.0,0.2566,0.0076,297.0548,255.0,0
142501.0,0.2566,-0.0131,296.6177,255.0,0
142510.0,0.2566,-0.0131,296.2561,255.0,0
142521.0,0.2566,-0.0447,295.957,255.0,0
142531.0,0.2555,-0.0807,295.7095,255.0,0
142541.0,0.2566,0.0785,296.6353,255.0,0
142551.0,0.2555,-0.1156,296.2707,255.0,0
142560.0,0.2555,-0.1156,295.969,255.0,0
142570.0,0.2555,0.1102,296.85,255.0,0
142581.0,0.2566,0.1342,296.4483,255.0,0
142591.0,0.2555,-0.1254,296.1159,255.0,0
142602.0,0.2566,0.1265,295.841,255.0,0
142610.0,0.2555,0.1265,295.6136,255.0,0
142621.0,0.2566,-0.1069,295.4254,255.0,0
142632.0,0.2555,-0.072,295.2698,255.0,0
142642.0,0.2566,0.0491,296.2715,255.0,0
142652.0,0.2566,-0.012,295.9697,255.0,0
142661.0,0.2566,-0.012,295.7201,255.0,0
142671.0,0.2566,-0.0033,295.5135,255.0,0
142682.0,0.2566,-0.0589,294.2122,255.0,0
142692.0,0.2566,0.0785,294.2661,255.0,0
142702.0,0.2555,-0.0949,294.3107,255.0,0
142711.0,0.2566,-0.0949,294.3476,255.0,0
142721.0,0.2555,0.1036,294.3781,255.0,0
142732.0,0.2566,0.1145,293.2729,255.0,0
142742.0,0.2555,-0.144,293.489,255.0,0
142752.0,0.2566,0.1036,293.6678,255.0,0
142761.0,0.2555,0.1036,293.8158,255.0,0
142771.0,0.2566,-0.1014,293.9381,255.0,0
142782.0,0.2555,-0.0676,292.9089,255.0,0
142792.0,0.2555,0.0349,293.1879,255.0,0
142802.0,0.2555,-0.0087,293.4188,255.0,0
142811.0,0.2555,-0.0087,293.6097,255.0,0
142822.0,0.2566,-0.0207,293.7677,255.0,0
142832.0,0.2555,-0.0644,292.7679,255.0,0
142842.0,0.2566,0.0916,293.0713,255.0,0
142852.0,0.2555,-0.0938,293.3222,255.0,0
142862.0,0.2566,-0.0938,292.3994,255.0,0
142872.0,0.2555,0.1222,292.7664,255.0,0
142882.0,0.2566,0.1113,293.07,255.0,0
142892.0,0.2555,-0.1025,292.1907,255.0,0
142903.0,0.2566,0.0916,292.5938,255.0,0
142912.0,0.2555,0.0916,292.9273,255.0,0
142922.0,0.2566,0.0404,292.0726,255.0,0
142933.0,0.2566,-0.0316,291.3656,255.0,0
142943.0,0.2566,0.0044,291.9112,255.0,0
142953.0,0.2566,0.0305,291.232,255.0,0
142962.0,0.2555,0.0305,290.6702,255.0,0
142972.0,0.2566,-0.0676,291.3359,255.0,0
142983.0,0.2555,-0.1102,291.8867,255.0,0
142993.0,0.2566,0.1036,291.2118,255.0,0
143003.0,0.2555,-0.1233,290.6534,255.0,0
143012.0,0.2566,-0.1233,291.322,255.0,0
143022.0,0.2555,-0.1134,290.7447,255.0,0
143033.0,0.2555,0.0807,290.267,255.0,0
143043.0,0.2555,-0.0742,289.8719,255.0,0
143053.0,0.2555,0.0404,290.6755,255.0,0
143062.0,0.2555,0.0404,291.3403,255.0,0
143072.0,0.2555,-0.012,290.7598,255.0,0
143083.0,0.2555,0.0436,290.2795,255.0,0
143093.0,0.2555,-0.0709,289.8822,255.0,0
143103.0,0.2555,0.0884,289.5535,255.0,0
143113.0,0.2544,0.0884,290.4121,255.0,0
143123.0,0.2555,0.1124,289.9919,255.0,0
143133.0,0.2544,-0.1145,289.6443,255.0,0
143143.0,0.2555,0.1047,290.4872,255.0,0
143153.0,0.2555,-0.0894,290.054,255.0,0
143163.0,0.2555,0.0567,289.6956,255.0,0
143173.0,0.2555,-0.048,289.3992,255.0,0
143183.0,0.2555,0.0055,289.154,255.0,0
143193.0,0.2555,0.0098,288.9511,255.0,0
143204.0,0.2544,-0.0545,288.7832,255.0,0
143213.0,0.2555,0.0687,288.6444,255.0,0
143223.0,0.2544,-0.1014,288.5295,255.0,0
143234.0,0.2555,0.1036,288.4345,255.0,0
143244.0,0.2544,-0.1167,288.3559,255.0,0
143254.0,0.2555,0.1113,288.2908,255.0,0
143263.0,0.2544,0.1113,288.237,255.0,0
143273.0,0.2555,0.0807,288.1925,255.0,0
143284.0,0.2544,-0.06,288.1557,255.0,0
143294.0,0.2544,0.0284,288.1252,255.0,0
143304.0,0.2544,0.0011,286.9695,255.0,0
143313.0,0.2544,0.0011,287.144,255.0,0
143324.0,0.2555,0.0709,287.2882,255.0,0
143334.0,0.2544,-0.0829,287.4076,255.0,0
143344.0,0.2555,0.1113,287.5063,255.0,0
143354.0,0.2544,-0.1156,286.4576,255.0,0
143364.0,0.2555,0.1113,286.7204,255.0,0
143374.0,0.2544,-0.1047,286.9378,255.0,0
143384.0,0.2555,0.0753,287.1177,255.0,0
143394.0,0.2544,-0.048,286.136,255.0,0
143404.0,0.2544,0.0229,285.3239,255.0,0
143414.0,0.2544,-0.0076,285.7826,255.0,0
143424.0,0.2544,-0.0393,286.162,255.0,0
143434.0,0.2555,0.0687,286.4759,255.0,0
143444.0,0.2544,-0.0862,286.7356,255.0,0
143455.0,0.2555,0.1156,285.8199,255.0,0
143464.0,0.2544,-0.0971,286.1929,255.0,0
143474.0,0.2555,0.1102,286.5015,255.0,0
143484.0,0.2544,-0.0949,285.6262,255.0,0
143495.0,0.2555,0.0785,284.9022,255.0,0
143505.0,0.2544,-0.0502,284.3032,255.0,0
143514.0,0.2544,0.0098,284.9381,255.0,0
143524.0,0.2555,0.0218,285.4634,255.0,0
143534.0,0.2544,-0.0436,285.898,255.0,0
143545.0,0.2555,0.0862,285.127,255.0,0
143555.0,0.2544,-0.096,284.4892,255.0,0
143564.0,0.2555,0.1189,283.9615,255.0,0
143575.0,0.2544,-0.1025,284.6555,255.0,0
143585.0,0.2555,0.0894,285.2297,255.0,0
143595.0,0.2544,-0.0905,284.5741,255.0,0
143605.0,0.2555,0.0502,284.0318,255.0,0
143615.0,0.2555,-0.012,283.5831,255.0,0
143625.0,0.2544,-0.012,284.3425,255.0,0
143635.0,0.2555,0.0513,283.8402,255.0,0
143645.0,0.2566,0.108,283.4246,255.0,0
143655.0,0.2555,-0.0982,284.2114,255.0,0
143665.0,0.2566,0.0982,283.7317,255.0,0
143675.0,0.2577,0.0982,283.3349,255.0,0
143685.0,0.2577,0.0698,284.1371,255.0,0
143695.0,0.2577,-0.0382,283.6703,255.0,0
143705.0,0.2577,0.0055,283.2841,255.0,0
143715.0,0.2577,0.0153,282.9645,255.0,0
143725.0,0.2577,-0.0491,282.7003,255.0,0
143735.0,0.2587,0.0862,283.6121,255.0,0
143745.0,0.2577,-0.1004,283.2359,255.0,0
143755.0,0.2587,0.1254,282.9247,255.0,0
143765.0,0.2577,-0.1069,282.6673,255.0,0
143775.0,0.2587,0.0905,282.4543,255.0,0
143785.0,0.2577,-0.0611,282.2782,255.0,0
143795.0,0.2577,0.0142,282.1324,255.0,0
143806.0,0.2577,-0.0022,282.0118,255.0,0
143815.0,0.2577,-0.0415,281.9121,255.0,0
143826.0,0.2587,0.0774,281.8296,255.0,0
143836.0,0.2577,-0.1047,281.7613,255.0,0
143846.0,0.2587,0.1124,281.7048,255.0,0
143856.0,0.2577,-0.1134,280.5276,255.0,0
143866.0,0.2577,0.0916,280.6842,255.0,0
143876.0,0.2577,-0.0709,280.8138,255.0,0
143886.0,0.2577,0.0295,280.921,255.0,0
143896.0,0.2577,-0.0033,281.0096,255.0,0
143906.0,0.2577,-0.0415,281.083,255.0,0
143916.0,0.2577,0.0644,281.1437,255.0,0
143926.0,0.2566,-0.1036,280.0634,255.0,0
143936.0,0.2577,0.1156,280.3002,255.0,0
143946.0,0.2566,-0.0949,280.4961,255.0,0
143956.0,0.2577,0.0905,280.6581,255.0,0
143966.0,0.2577,-0.0567,280.7922,255.0,0
143976.0,0.2577,0.0284,280.9031,255.0,0
143986.0,0.2577,-0.0022,280.9949,255.0,0
143996.0,0.2577,-0.0447,279.9403,255.0,0
144006.0,0.2577,0.0764,280.1984,255.0,0
144016.0,0.2566,-0.096,280.4119,255.0,0
144026.0,0.2587,0.1233,279.458,255.0,0
144036.0,0.2577,-0.0993,278.6689,255.0,0
144046.0,0.2577,0.0905,279.1465,255.0,0
144056.0,0.2577,-0.0513,279.5417,255.0,0
144066.0,0.2577,0.0425,278.7382,255.0,0
144077.0,0.2577,0.0065,279.2039,255.0,0
144087.0,0.2577,-0.0567,279.5891,255.0,0
144097.0,0.2587,0.0949,278.7774,255.0,0
144107.0,0.2577,-0.1036,278.1058,255.0,0
144117.0,0.2587,0.1102,278.6807,255.0,0
144127.0,0.2577,-0.1058,279.1563,255.0,0
144137.0,0.2577,0.0611,278.4193,255.0,0
144147.0,0.2577,-0.0393,277.8096,255.0,0
144157.0,0.2577,-0.012,278.4357,255.0,0
144167.0,0.2577,0.0491,278.9537,255.0,0
144177.0,0.2577,-0.0807,278.2516,255.0,0
144187.0,0.2587,0.1156,277.6709,255.0,0
144197.0,0.2577,-0.1145,277.1904,255.0,0
144207.0,0.2587,0.1047,277.9235,255.0,0
144217.0,0.2577,-0.084,278.5299,255.0,0
144227.0,0.2577,0.0404,277.9011,255.0,0
144237.0,0.2577,-0.0185,277.3809,255.0,0
144247.0,0.2577,-0.0327,276.9505,255.0,0
144257.0,0.2577,0.0764,276.5945,255.0,0
144267.0,0.2577,-0.1004,276.3,255.0,0
144277.0,0.2587,0.12,277.1868,255.0,0
144288.0,0.2577,-0.1058,276.79,255.0,0
144298.0,0.2577,0.0818,276.4617,255.0,0
144308.0,0.2577,-0.0425,277.3206,255.0,0
144318.0,0.2577,0.0044,276.9007,255.0,0
144328.0,0.2577,0.036,276.5533,255.0,0
144338.0,0.2577,-0.0742,276.2658,255.0,0
144348.0,0.2587,0.1036,276.0281,255.0,0
144358.0,0.2577,-0.1156,275.8314,255.0,0
144368.0,0.2587,0.1113,275.6687,255.0,0
144378.0,0.2577,-0.0785,275.5341,255.0,0
144388.0,0.2577,0.0349,275.4227,255.0,0
144398.0,0.2577,-0.0196,275.3306,255.0,0
144408.0,0.2577,-0.0404,275.2543,255.0,0
144418.0,0.2577,0.0818,275.1913,255.0,0
144428.0,0.2566,-0.1113,275.1391,255.0,0
144438.0,0.2577,0.1091,275.096,255.0,0
144448.0,0.2566,-0.1004,275.0603,255.0,0
144458.0,0.2577,0.0698,275.0308,255.0,0
144468.0,0.2577,-0.0371,275.0063,255.0,0
144478.0,0.2577,-0.0109,274.9861,255.0,0
144488.0,0.2577,0.0556,274.9695,255.0,0
144498.0,0.2566,-0.0774,274.9556,255.0,0
144509.0,0.2587,0.1189,274.9442,255.0,0
144519.0,0.2566,-0.1167,273.8042,255.0,0
144529.0,0.2577,0.0884,273.9916,255.0,0
144539.0,0.2577,-0.0633,274.1467,255.0,0
144549.0,0.2577,0.0076,274.275,255.0,0
144559.0,0.2577,0.0185,274.3811,255.0,0
144569.0,0.2566,-0.0731,273.3384,255.0,0
144579.0,0.2577,0.1102,273.6063,255.0,0
144589.0,0.2566,-0.1156,272.6974,255.0,0
144599.0,0.2577,0.1091,273.076,255.0,0
144609.0,0.2577,-0.0698,273.3892,255.0,0
144619.0,0.2577,0.0316,272.5178,255.0,0
144629.0,0.2577,0.0011,272.9275,255.0,0
144639.0,0.2566,-0.0556,273.2663,255.0,0
144649.0,0.2577,0.0905,273.5467,255.0,0
144659.0,0.2566,-0.1113,272.6481,255.0,0
144669.0,0.2577,0.1102,271.9047,255.0,0
144680.0,0.2566,-0.0927,272.4203,255.0,0
144690.0,0.2577,0.0349,272.8467,255.0,0
144700.0,0.2566,-0.0153,272.0691,255.0,0
144939.19047619047,0.24299047619047617,-0.022828571428571427,622.494219047619,230.71428571428572,0
145394.79138321994,0.2170675736961451,-0.037168707482993196,1289.970636281179,184.45578231292518,0
146013.1068999028,0.18188649173955296,-0.056630320699708456,2195.8314882410104,121.67638483965015,0
146719.75320468322,0.14167954093201907,-0.07887216437595446,3231.101033337961,49.928502013050135,1
147434.81196547294,0.100993935948205,-0.10137879190548911,4278.695215876542,-22.67352227577132,1
148088.5799753378,0.06379566853443214,-0.12195627993249222,5236.495611340387,-89.05251591126522,1
148633.3866502252,0.03279711235628809,-0.1391041866216615,6034.662607560258,-144.3683439408435,1
149048.4774501394,0.009179164791987868,-0.15216925838483805,6642.789842775398,-186.51373672528405,1
149337.5585429368,-0.007269048690292646,-0.16126814764847888,7066.307024443085,-215.864992414448,1
149521.10209391927,-0.01771235883777234,-0.16704522019682227,7335.20682232733,-234.50071031232991,1
149626.85813996155,-0.023729694684653496,-0.1703739143794392,7490.144324917776,-245.23843348206185,1
149681.7963456978,-0.02685558343628007,-0.1721031061626168,7570.631339250476,-250.81647149231222,1
149707.30336978965,-0.028306888928106694,-0.1729059452048064,7608.000310190658,-253.4062748542142,1
149717.76778992987,-0.0289022963093689,-0.1732353150682688,7623.331170063553,-254.46875828473807,1
149721.5050828371,-0.02911494180267683,-0.17335294716236252,7628.806477161015,-254.8482166527823,1
149722.64406734216,-0.029179748048256387,-0.17338879694341966,7630.475142181194,-254.96386110780531,1
149722.93220330327,-0.02919614248538217,-0.1733978660844609,7630.89727470118,-254.99311640148673,1
149722.9903147576,-0.029199448926483167,-0.17339969515492298,7630.982410671598,-254.9990166287838,1
149722.99907759597,-0.02919994751680792,-0.17339997096713552,7630.99524863539,-254.99990634559845,1
149722.999956076,-0.02919999750080038,-0.17339999861748265,7630.996535649305,-254.99999554026658,1
149723.0,-0.0292,-0.1734,7630.9966,-255.0,1
149733.0,-0.0314,-0.1844,13698.4824,-255.0,1
149744.0,-0.0325,-0.1996,11336.8926,-255.0,1
149756.0,-0.0347,-0.2062,9383.2148,-255.0,1
149766.0,-0.0369,-0.1811,7766.9927,-255.0,1
149773.0,-0.038,-0.144,6429.937,-255.0,1
149784.0,-0.0391,-0.18,5323.8286,-255.0,1
149797.0,-0.0412,-0.1222,4407.646,-255.0,1
149806.0,-0.0412,-0.0447,3648.5828,-255.0,1
149816.0,-0.0423,-0.0742,3020.6311,-255.0,1
149824.0,-0.0423,-0.0142,2501.1445,-255.0,1
149834.0,-0.0423,0.0164,2071.3875,-255.0,1
149847.0,-0.0412,0.0262,1714.7314,-255.0,1
149857.0,-0.0412,0.0927,1419.6797,-255.0,1
149867.0,-0.0391,0.1244,1175.5918,-255.0,1
149874.0,-0.038,0.1113,972.5341,-255.0,1
149884.0,-0.0369,0.1549,804.5501,-255.0,1
149897.0,-0.0347,0.204,665.5817,-255.0,1
149907.0,-0.0325,0.2149,550.6171,-198.52,1
149917.0,-0.0303,0.2607,454.3795,132.75,1
149924.0,-0.0271,0.2858,374.7649,130.42,1
149934.0,-0.0249,0.3033,308.902,130.64,1
149947.0,-0.0216,0.3349,254.4155,148.65,1
149957.0,-0.0183,0.3436,209.3403,159.04,1
149967.0,-0.0151,0.3,170.9203,145.47,1
149974.0,-0.0118,0.3229,140.2671,166.78,1
149984.0,-0.0085,0.3196,116.039,176.02,1
149997.0,-0.0063,0.2454,94.8653,145.95,1
150007.0,-0.0041,0.2542,77.3489,157.76,1
150017.0,-0.002,0.2553,63.9886,166.12,1
150024.0,0.0002,0.1702,51.8055,131.52,1
150034.0,0.0024,0.1876,41.7267,148.36,1
150047.0,0.0035,0.1876,34.5193,152.29,1
150057.0,0.0046,0.1058,28.5569,115.39,1
150067.0,0.0057,0.1058,23.6243,119.47,1
150074.0,0.0068,0.1276,19.5437,134.51,1
150084.0,0.0079,0.0513,16.168,100.51,1
150097.0,0.0079,0.0535,13.3753,101.45,1
150108.0,0.0089,0.0676,11.065,112.78,1
150118.0,0.0089,-0.0033,9.1538,77.22,1
150125.0,0.0089,0.0076,8.7032,82.64,1
150135.0,0.0089,0.0567,8.3304,107.16,1
150148.0,0.0089,-0.0153,6.8915,71.09,1
150158.0,0.0089,0.0055,5.7011,81.39,1
150168.0,0.01,0.0458,4.7164,105.89,1
150175.0,0.01,-0.0098,5.0322,78.09,1
150187.0,0.01,0.0044,5.2935,85.19,1
150198.0,0.01,0.024,4.3792,94.96,1
150208.0,0.01,-0.0142,3.6228,75.84,1
150218.0,0.01,-0.0076,4.1275,79.14,1
150225.0,0.01,0.0785,4.5451,122.25,1
150235.0,0.01,-0.0273,3.76,69.31,1
150248.0,0.01,-0.0055,4.2411,80.24,1
150258.0,0.01,0.0229,4.639,94.44,1
150268.0,0.01,-0.0251,3.8377,70.41,1
150275.0,0.01,-0.0284,3.1748,68.74,1
150285.0,0.01,0.0142,3.757,90.05,1
150298.0,0.01,-0.0207,4.2385,72.62,1
150308.0,0.0089,-0.036,4.6369,60.64,1
150318.0,0.0089,0.0098,4.9665,83.56,1
150325.0,0.0089,-0.0273,4.1086,64.98,1
150335.0,0.0089,-0.0382,4.5295,59.54,1
150348.0,0.0089,0.0175,4.8776,87.37,1
150358.0,0.0089,-0.0196,5.1656,68.84,1
150368.0,0.0089,-0.0251,5.4039,66.13,1
150375.0,0.0089,0.0175,4.4705,87.35,1
150388.0,0.0089,-0.0164,4.8288,70.46,1
150398.0,0.0079,-0.0262,6.2557,61.26,1
150408.0,0.0079,0.012,6.3057,80.35,1
150418.0,0.0079,-0.0164,5.2165,66.12,1
150426.0,0.0079,-0.0327,5.446,57.95,1
150439.0,0.0079,0.0131,5.6358,80.86,1
150449.0,0.0079,-0.0196,5.7929,64.51,1
150459.0,0.0079,-0.0305,5.9228,59.06,1
150469.0,0.0079,0.0044,6.0302,76.52,1
150476.0,0.0079,-0.0131,6.1192,67.8,1
150486.0,0.0068,-0.0273,6.1927,56.34,1
150499.0,0.0068,0.0044,6.2536,72.16,1
150509.0,0.0068,-0.0164,6.3039,61.8,1
150518.0,0.0068,-0.0262,6.3455,56.9,1
150526.0,0.0068,0.0055,6.38,72.72,1
150539.0,0.0068,-0.0185,6.4085,60.72,1
150549.0,0.0068,-0.0229,6.4321,58.54,1
150559.0,0.0068,0.0153,6.4516,77.63,1
150569.0,0.0068,-0.0076,6.4677,66.18,1
150576.0,0.0068,-0.0087,6.4811,65.63,1
150586.0,0.0068,0.0175,6.4921,78.72,1
150599.0,0.0068,0.0055,6.5012,72.72,1
150609.0,0.0068,0.0,6.5088,70.0,1
150619.0,0.0068,0.0153,6.515,77.63,1
150627.0,0.0068,0.0011,6.5202,70.54,1
150639.0,0.0068,-0.0185,6.5245,60.72,1
150649.0,0.0068,0.0153,6.528,77.63,1
150659.0,0.0068,-0.0033,6.531,68.36,1
150670.0,0.0079,-0.0055,6.5334,71.63,1
150676.0,0.0079,0.0229,7.6659,85.87,1
150688.0,0.0079,0.0011,7.4723,74.95,1
150699.0,0.0079,-0.0022,7.3121,73.31,1
150709.0,0.0079,0.0055,7.1796,77.12,1
150719.0,0.0079,0.0065,7.07,77.66,1
150726.0,0.0089,-0.0044,6.9793,76.56,1
150736.0,0.0089,0.0654,6.9043,111.47,1
150748.0,0.0089,0.0011,7.9727,79.34,1
150760.0,0.0089,-0.0065,7.7261,76.55,1
150770.0,0.0089,0.0033,7.5221,80.27,1
150777.0,0.0089,-0.0098,8.4838,73.79,1
150790.0,0.01,0.0109,9.2794,88.58,1
150800.0,0.01,0.0109,8.8071,88.58,1
150810.0,0.01,-0.0044,8.4164,80.95,1
150820.0,0.01,-0.0164,8.0931,74.94,1
150827.0,0.01,0.0055,7.8257,85.85,1
150840.0,0.0089,-0.0153,8.735,71.18,1
150850.0,0.0089,-0.0153,9.4872,71.22,1
150860.0,0.0089,-0.0229,10.1095,67.43,1
150870.0,0.0089,-0.0218,9.4938,67.95,1
150877.0,0.0089,0.0,8.9845,78.84,1
150889.0,0.0089,-0.0207,9.6936,68.51,1
150900.0,0.0089,-0.012,10.2803,72.91,1
150910.0,0.0089,-0.0076,9.6351,75.06,1
150920.0,0.0089,-0.0153,9.1013,71.22,1
150927.0,0.0089,-0.0284,9.7903,64.71,1
150940.0,0.0089,-0.0065,10.3602,75.64,1
150950.0,0.0089,-0.0196,10.8317,69.12,1
150960.0,0.0079,-0.0185,11.2218,65.32,1
150970.0,0.0079,-0.0185,11.5445,65.34,1
150977.0,0.0079,-0.0175,10.6809,65.84,1
150987.0,0.0079,-0.0295,9.9665,59.81,1
150999.0,0.0079,-0.0022,10.506,73.47,1
151010.0,0.0079,-0.0185,10.9524,65.31,1
151020.0,0.0079,-0.0196,11.3216,64.78,1
151027.0,0.0079,0.0044,11.627,76.8,1
151037.0,0.0079,-0.0044,11.8797,72.44,1
151050.0,0.0079,-0.0098,12.0888,69.73,1
151060.0,0.0079,-0.0175,12.2617,65.92,1
151071.0,0.0079,-0.0229,12.4048,63.2,1
151077.0,0.0079,-0.0196,11.3926,64.79,1
151090.0,0.0068,-0.0131,11.6858,63.71,1
151100.0,0.0068,-0.0284,11.9283,56.08,1
151111.0,0.0068,-0.0142,10.9985,63.13,1
151121.0,0.0068,-0.0185,11.3597,60.97,1
151128.0,0.0068,-0.0175,11.6586,61.53,1
151138.0,0.0068,0.0022,11.9058,71.35,1
151150.0,0.0068,-0.0273,12.1104,56.64,1
151161.0,0.0068,-0.0382,12.2796,51.19,1
151171.0,0.0057,-0.0262,12.4196,52.83,1
151178.0,0.0057,-0.0371,12.5354,47.39,1
151188.0,0.0057,-0.0393,12.6311,46.3,1
151200.0,0.0057,-0.0109,12.7104,60.48,1
151211.0,0.0046,-0.0305,12.776,46.31,1
151221.0,0.0046,-0.0218,12.8302,50.67,1
151228.0,0.0046,-0.0185,12.8751,52.31,1
151238.0,0.0046,-0.0371,12.9122,-44.22,1
151250.0,0.0046,-0.0327,12.9429,45.22,1
151261.0,0.0035,-0.0262,12.9683,44.13,1
151271.0,0.0035,-0.0393,12.9893,-49.68,1
151279.0,0.0035,-0.0371,13.0067,-48.59,1
151291.0,0.0035,-0.0164,11.8906,48.99,1
151301.0,0.0024,-0.0469,10.9672,-66.12,1
151311.0,0.0024,-0.024,11.3339,-45.2,1
151321.0,0.0024,-0.0251,11.6372,-45.98,1
151328.0,0.0024,-0.0371,11.8882,-58.46,1
151338.0,0.0024,0.0109,12.0957,59.68,1
151351.0,0.0024,-0.0044,12.2675,51.77,1
151361.0,0.0013,-0.0295,12.4095,-52.57,1
151371.0,0.0013,-0.0044,12.5271,47.01,1
151378.0,0.0013,-0.024,12.6243,-57.51,1
151388.0,0.0013,-0.0305,12.7047,-58.89,1
151401.0,0.0013,0.0065,12.7713,53.74,1
151411.0,0.0013,-0.0316,12.8263,-61.38,1
151422.0,0.0002,-0.0251,11.7414,-60.56,1
151429.0,0.0002,-0.0011,10.8438,46.36,1
151439.0,0.0002,-0.036,11.2318,-66.06,1
151452.0,0.0002,-0.0404,11.5527,-69.84,1
151462.0,0.0002,0.0142,11.8183,62.01,1
151472.0,-0.0009,-0.0404,12.0379,-69.99,1
151480.0,-0.0009,-0.0273,12.2196,-65.36,1
151492.0,-0.0009,0.0185,12.37,51.46,1
151502.0,-0.0009,-0.0404,12.4943,-70.93,1
151512.0,-0.0009,-0.0207,11.4667,-60.75,1
151522.0,-0.0009,0.0218,10.6166,53.07,1
151530.0,-0.0009,-0.036,11.0438,-71.76,1
151542.0,-0.0009,-0.0055,11.3972,-51.61,1
151552.0,-0.002,-0.0327,11.6896,-66.47,1
151562.0,-0.002,-0.0175,11.9315,-68.68,1
151572.0,-0.002,-0.012,12.1316,-54.56,1
151580.0,-0.002,0.0393,11.1666,57.55,1
151592.0,-0.002,-0.0185,10.3683,-62.05,1
151602.0,-0.002,0.0076,10.8384,-45.84,1
151612.0,-0.0009,0.0273,10.0968,54.93,1
151622.0,-0.002,-0.0262,9.4833,-66.56,1
151629.0,-0.002,0.0076,10.1063,-46.4,1
151639.0,-0.0009,0.0327,10.6217,57.2,1
151652.0,-0.002,-0.0295,9.9175,-68.61,1
151662.0,-0.0009,0.0207,9.335,51.13,1
151672.0,-0.0009,0.0273,9.9836,54.2,1
151681.0,-0.002,-0.0371,9.3896,-76.78,1
151692.0,-0.002,0.0098,8.8983,-45.14,1
151702.0,-0.0009,0.0284,9.6223,55.05,1
151712.0,-0.002,-0.0458,10.2213,-75.7,1
151722.0,-0.002,0.0164,9.5863,44.5,1
151729.0,-0.0009,0.0185,9.061,49.72,1
151739.0,-0.002,-0.0327,8.6264,-67.28,1
151752.0,-0.002,0.0055,8.2669,-55.64,1
151762.0,-0.0009,0.0262,9.0999,54.09,1
151772.0,-0.002,-0.0262,8.6586,-70.9,1
151780.0,-0.002,0.0196,8.2935,46.88,1
151790.0,-0.0009,0.0284,7.9915,55.21,1
151802.0,-0.0009,-0.0109,7.7417,-51.44,1
151812.0,-0.0009,0.0196,8.6655,50.34,1
151823.0,-0.0009,0.024,8.2992,52.31,1
151831.0,-0.0009,-0.0196,7.9962,-57.46,1
151842.0,-0.0009,0.0164,7.7455,48.33,1
151853.0,-0.0009,0.0087,7.5382,44.37,1
151863.0,-0.0009,-0.0305,7.3666,-64.13,1
151873.0,-0.0009,0.0218,7.2247,51.0,1
151881.0,-0.0009,0.0109,8.2378,45.47,1
151893.0,-0.0009,-0.0153,7.9454,-54.46,1
151903.0,-0.0009,0.0338,7.7035,56.73,1
151913.0,-0.0009,0.0196,7.5034,49.57,1
151923.0,-0.0009,-0.0185,7.3379,-56.25,1
151932.0,-0.0009,0.0251,7.2009,52.19,1
151943.0,0.0002,0.0196,7.0876,53.79,1
151953.0,-0.0009,-0.0284,6.9939,-67.51,1
151963.0,0.0002,0.0229,6.9163,56.21,1
151973.0,0.0002,0.0109,6.8522,50.02,1
151981.0,-0.0009,-0.0349,6.7991,-64.0,1
151993.0,0.0002,0.0196,6.7552,54.12,1
152003.0,0.0002,0.0284,6.7189,58.39,1
152013.0,-0.0009,-0.0436,6.6889,-74.93,1
152023.0,0.0002,0.0371,6.664,63.45,1
152030.0,0.0002,0.0349,6.6435,62.14,1
152040.0,0.0002,-0.0404,5.4959,-62.19,1
152053.0,0.0002,0.0153,5.6771,51.97,1
152063.0,0.0002,0.0349,5.827,61.68,1
152073.0,0.0002,-0.036,5.9511,-63.51,1
152080.0,0.0002,0.0229,6.0536,55.95,1
152091.0,0.0002,0.0295,6.1385,60.14,1
152103.0,0.0002,-0.0349,6.2087,-70.36,1
152113.0,0.0002,0.0164,5.1363,53.58,1
152123.0,0.0002,0.0382,5.3796,64.17,1
152132.0,0.0002,-0.0251,6.7114,-58.45,1
152143.0,0.0002,0.0142,6.6827,52.32,1
152153.0,0.0013,0.0371,5.5284,67.8,1
152163.0,0.0002,-0.0502,5.704,-77.37,1
152174.0,0.0002,-0.0011,5.8492,45.36,1
152181.0,0.0013,0.0447,4.8389,72.16,1
152191.0,0.0013,-0.0109,5.1336,-42.41,1
152204.0,0.0013,0.0044,5.3774,51.39,1
152214.0,0.0013,0.0502,5.5791,74.09,1
152224.0,0.0013,-0.0305,5.7459,-55.02,1
152231.0,0.0013,0.0175,4.7534,57.66,1
152241.0,0.0013,0.036,5.0629,66.78,1
152254.0,0.0013,-0.0229,5.3189,-55.53,1
152264.0,0.0013,0.0382,4.4002,68.44,1
152274.0,0.0024,0.0447,4.7706,75.84,1
152283.0,0.0024,-0.0218,6.2076,-44.11,1
152294.0,0.0024,-0.0065,6.2659,49.91,1
152304.0,0.0024,0.0207,5.1836,63.36,1
152314.0,0.0013,-0.0371,5.4187,-56.46,1
152324.0,0.0013,-0.0011,5.6133,47.93,1
152331.0,0.0013,0.0098,5.7742,53.32,1
152341.0,0.0013,-0.0338,5.9073,-62.38,1
152354.0,0.0013,-0.0098,4.887,44.35,1
152364.0,0.0013,0.0305,5.1734,64.31,1
152374.0,0.0013,-0.0425,5.4103,-64.1,1
152381.0,0.0013,-0.0153,5.6063,-44.69,1
152391.0,0.0013,0.0175,5.7684,57.9,1
152404.0,0.0013,-0.0425,4.772,-66.07,1
152414.0,0.0002,-0.0196,5.0783,-56.09,1
152424.0,0.0013,0.0273,5.3316,63.77,1
152434.0,0.0002,-0.036,5.5412,-61.19,1
152444.0,0.0002,-0.0207,5.7146,-64.08,1
152454.0,0.0002,0.024,4.7275,58.66,1
152464.0,0.0002,-0.0251,5.0414,-61.25,1
152474.0,0.0002,-0.0196,5.3011,-54.75,1
152482.0,0.0002,0.0502,5.516,71.95,1
152492.0,0.0002,-0.0295,5.6937,-67.53,1
152504.0,0.0002,-0.0175,4.7103,-47.72,1
152514.0,0.0002,0.0382,5.0272,65.76,1
152524.0,0.0002,-0.0055,5.2893,-43.07,1
152532.0,0.0002,-0.0382,4.3757,-66.13,1
152542.0,0.0002,0.036,4.7504,64.07,1
152554.0,0.0002,-0.0109,5.0604,-46.26,1
152564.0,0.0002,-0.0218,4.1863,-59.36,1
152575.0,0.0002,0.0513,4.5937,71.54,1
152582.0,0.0002,0.0098,4.9308,50.39,1
152592.0,0.0002,-0.0185,4.0791,-60.96,1
152605.0,0.0013,0.0415,4.505,71.32,1
152615.0,0.0013,0.0262,4.8574,63.2,1
152625.0,0.0013,-0.0196,4.0184,-46.46,1
152632.0,0.0013,0.0458,3.3243,72.23,1
152642.0,0.0024,0.0393,2.7501,73.04,1
152655.0,0.0024,-0.0338,3.4056,-61.45,1
152665.0,0.0024,0.036,3.9478,72.62,1
152675.0,0.0024,0.0491,4.3964,78.75,1
152682.0,0.0024,-0.0207,4.7676,-42.88,1
152692.0,0.0024,0.0382,3.9441,72.64,1
152705.0,0.0024,0.0633,3.2628,84.93,1
152715.0,0.0024,-0.0251,3.8297,-45.7,1
152725.0,0.0035,0.0076,4.2987,61.2,1
152733.0,0.0035,0.0425,3.5562,78.5,1
152743.0,0.0035,-0.0175,4.0725,48.44,1
152755.0,0.0035,0.0164,4.4995,65.29,1
152765.0,0.0035,0.0425,3.7223,78.29,1
152775.0,0.0035,-0.0305,3.0794,-44.54,1
152783.0,0.0035,0.0382,3.678,76.02,1
152793.0,0.0046,0.0295,4.1732,76.01,1
152805.0,0.0035,-0.0349,3.4524,-46.84,1
152815.0,0.0035,0.0022,2.8561,58.96,1
152825.0,0.0035,0.0218,3.4932,67.6,1
152835.0,0.0035,-0.0251,4.0204,44.19,1
152845.0,0.0035,0.0011,3.3259,57.26,1
152855.0,0.0035,0.0251,3.882,69.29,1
152865.0,0.0035,-0.0415,4.3419,-56.58,1
152876.0,0.0035,0.0011,4.7225,58.18,1
152883.0,0.0035,0.0349,5.0373,74.94,1
152893.0,0.0035,-0.0393,4.1672,-57.02,1
152906.0,0.0035,-0.0033,3.4474,56.67,1
152915.0,0.0035,0.0207,3.9824,68.38,1
152926.0,0.0035,-0.0284,4.4251,-42.74,1
152933.0,0.0035,-0.0098,3.6607,52.65,1
152943.0,0.0035,0.0284,4.1589,71.61,1
152956.0,0.0035,-0.0425,4.5711,-55.55,1
152966.0,0.0035,-0.0142,3.7815,52.89,1
152976.0,0.0035,0.0273,4.2588,71.04,1
152983.0,0.0035,-0.0273,4.6537,43.67,1
152994.0,0.0024,-0.024,3.8499,-45.48,1
153006.0,0.0024,0.0164,4.3154,60.94,1
153016.0,0.0024,-0.0185,4.7005,43.44,1
153026.0,0.0035,-0.0273,3.8886,43.35,1
153034.0,0.0035,0.0327,4.3474,73.33,1
153044.0,0.0024,-0.0349,4.727,-53.34,1
153056.0,0.0024,-0.024,3.9105,-45.49,1
153066.0,0.0024,0.0175,4.3656,61.48,1
153076.0,0.0024,-0.0142,4.742,45.62,1
153085.0,0.0024,-0.0338,3.9229,-53.73,1
153096.0,0.0024,0.0207,4.3758,63.39,1
153106.0,0.0024,-0.0098,4.7505,48.02,1
153116.0,0.0024,-0.0207,3.93,-43.87,1
153126.0,0.0024,0.0251,4.3817,65.29,1
153134.0,0.0024,-0.0087,4.7553,48.34,1
153144.0,0.0024,-0.0349,3.9339,-56.38,1
153156.0,0.0024,0.0185,3.2544,62.52,1
153166.0,0.0024,0.0131,3.8228,59.65,1
153176.0,0.0024,-0.012,4.293,46.99,1
153184.0,0.0024,0.0284,3.5515,67.03,1
153194.0,0.0024,0.0087,4.0685,57.15,1
153206.0,0.0024,-0.0109,4.4963,47.28,1
153216.0,0.0024,0.024,3.7197,64.64,1
153227.0,0.0024,0.0295,4.2077,67.35,1
153236.0,0.0024,-0.0229,4.6114,-45.23,1
153246.0,0.0035,0.0207,3.8149,67.26,1
153257.0,0.0024,0.0185,3.1559,61.76,1
153267.0,0.0035,-0.0185,3.7413,47.58,1
153277.0,0.0035,0.0185,4.2256,66.14,1
153285.0,0.0035,0.0338,3.4957,73.73,1
153295.0,0.0035,0.0131,4.0224,63.38,1
153307.0,0.0035,0.0044,4.4581,59.03,1
153317.0,0.0035,0.036,3.6881,74.8,1
153327.0,0.0035,-0.0218,4.1816,45.91,1
153335.0,0.0035,0.012,4.5898,62.84,1
153345.0,0.0035,0.0284,3.797,70.98,1
153357.0,0.0035,-0.0371,4.2717,-48.07,1
153367.0,0.0035,0.012,4.6643,62.83,1
153377.0,0.0035,0.0131,4.9892,63.39,1
153385.0,0.0035,-0.0175,5.2579,48.13,1
153395.0,0.0035,0.0262,4.3497,69.91,1
153407.0,0.0035,0.0131,3.5984,63.32,1
153417.0,0.0035,-0.0207,4.1074,46.44,1
153427.0,0.0046,0.0087,4.5284,65.55,1
153435.0,0.0046,0.0175,3.7462,69.88,1
153446.0,0.0035,-0.0273,4.2296,43.17,1
153457.0,0.0035,0.0142,4.6296,63.92,1
153467.0,0.0035,0.0076,4.9604,60.66,1
153477.0,0.0035,-0.0207,5.2341,46.49,1
153487.0,0.0035,0.0098,4.33,61.72,1
153497.0,0.0035,0.012,4.7126,62.83,1
153507.0,0.0035,-0.0218,5.0291,45.94,1
153517.0,0.0035,0.0098,5.291,61.76,1
153528.0,0.0035,0.0044,5.5076,59.05,1
153537.0,0.0035,-0.0295,5.6868,-44.34,1
153547.0,0.0035,0.0022,5.835,57.97,1
153557.0,0.0035,-0.0153,4.8271,49.2,1
153567.0,0.0035,-0.0218,5.1238,45.94,1
153578.0,0.0035,-0.0153,5.3693,49.22,1
153587.0,0.0035,-0.0109,5.5724,51.41,1
153597.0,0.0035,-0.0109,5.7404,51.42,1
153608.0,0.0035,0.0175,5.8794,65.61,1
153618.0,0.0035,-0.0044,5.9943,54.71,1
153628.0,0.0035,-0.0098,6.0894,51.98,1
153637.0,0.0035,-0.0065,6.1681,53.62,1
153648.0,0.0035,0.0033,5.1027,58.48,1
153658.0,0.0035,-0.0175,5.3518,48.13,1
153668.0,0.0035,-0.012,6.6884,50.92,1
153678.0,0.0035,-0.0076,6.6637,53.1,1
153687.0,0.0035,-0.012,5.5127,50.87,1
153698.0,0.0035,-0.0022,5.691,55.78,1
153708.0,0.0035,-0.0305,5.8385,-44.9,1
153718.0,0.0035,0.0044,5.9605,59.07,1
153728.0,0.0035,0.0011,6.0615,57.44,1
153738.0,0.0035,-0.0011,6.145,56.35,1
153748.0,0.0035,-0.0087,6.2141,52.54,1
153758.0,0.0046,-0.0065,6.2712,57.99,1
153768.0,0.0046,0.0044,6.3185,63.45,1
153778.0,0.0046,0.0,6.3576,61.27,1
153788.0,0.0046,-0.0033,6.39,59.63,1
153798.0,0.0046,-0.0153,6.4168,53.64,1
153808.0,0.0046,-0.0044,6.4389,59.09,1
153818.0,0.0046,0.012,6.4572,67.27,1
153828.0,0.0046,-0.0087,6.4724,56.91,1
153838.0,0.0046,-0.0087,6.4849,56.91,1
153848.0,0.0046,0.0022,6.4953,62.37,1
153858.0,0.0046,-0.0055,6.5039,58.55,1
153868.0,0.0046,-0.0218,6.511,50.37,1
153878.0,0.0046,-0.0022,6.5169,60.19,1
153888.0,0.0046,-0.0142,6.5217,54.19,1
153898.0,0.0046,-0.0131,6.5257,54.73,1
153908.0,0.0046,-0.0076,6.5291,57.46,1
153918.0,0.0046,-0.024,6.5318,49.28,1
153929.0,0.0046,-0.0131,6.5341,54.73,1
153938.0,0.0046,-0.0065,6.536,58.0,1
153948.0,0.0046,-0.0175,7.668,52.6,1
153959.0,0.0046,-0.0055,7.474,58.59,1
153969.0,0.0046,-0.0065,7.3136,58.04,1
153979.0,0.0046,-0.0076,7.1808,57.49,1
153988.0,0.0046,-0.0164,7.071,53.12,1
153999.0,0.0046,-0.0109,6.9801,55.84,1
154009.0,0.0035,-0.0207,6.905,46.57,1
154019.0,0.0035,-0.0327,6.8428,-46.05,1
154029.0,0.0035,-0.0142,6.7914,49.84,1
154037.0,0.0035,-0.0218,6.7488,46.02,1
154047.0,0.0035,-0.0262,6.7136,43.83,1
154059.0,0.0035,-0.0153,7.815,49.34,1
154069.0,0.0035,-0.0175,7.5956,48.24,1
154079.0,0.0035,-0.012,7.4141,50.96,1
154089.0,0.0024,-0.0153,7.264,44.95,1
154099.0,0.0024,-0.0164,7.1398,44.4,1
154109.0,0.0024,-0.0196,7.0371,-43.88,1
154119.0,0.0024,-0.0065,6.9521,49.3,1
154129.0,0.0024,-0.0098,8.0123,47.71,1
154139.0,0.0024,-0.0142,7.7588,45.52,1
154149.0,0.0024,-0.0011,7.5492,52.05,1
154159.0,0.0024,-0.0076,7.3757,48.77,1
154169.0,0.0024,-0.0087,7.2322,48.22,1
154179.0,0.0024,-0.0131,7.1135,46.03,1
154188.0,0.0024,0.0022,7.0153,53.66,1
154198.0,0.0024,-0.024,6.9341,-46.05,1
154209.0,0.0024,-0.0131,6.8669,46.02,1
154219.0,0.0024,-0.0098,6.8113,47.66,1
154230.0,0.0024,-0.0262,6.7653,-47.13,1
154239.0,0.0024,-0.0044,6.7272,50.38,1
154249.0,0.0024,-0.0109,6.6957,47.1,1
154259.0,0.0024,-0.0218,6.6697,-44.94,1
154270.0,0.0024,-0.0098,6.6482,47.65,1
154280.0,0.0024,-0.0011,6.6303,59.34,1
154289.0,0.0013,-0.0131,6.6156,-45.91,1
154300.0,0.0013,-0.0164,6.6034,-47.35,1
154310.0,0.0013,-0.0109,6.5933,-44.47,1
154320.0,0.0013,-0.0022,6.585,46.6,1
154330.0,0.0013,-0.0371,6.5781,-66.76,1
154340.0,0.0013,-0.0164,6.5723,-45.64,1
154350.0,0.0013,-0.0098,6.5676,44.03,1
154360.0,0.0013,-0.0251,7.6942,-57.74,1
154370.0,0.0013,-0.0033,7.4957,48.05,1
154380.0,0.0013,0.0055,6.201,52.06,1
154390.0,0.0013,-0.0229,6.2604,-52.04,1
154400.0,0.0013,0.0033,6.3096,50.98,1
154410.0,0.0024,0.0033,6.3502,55.11,1
154420.0,0.0024,-0.0185,6.3839,44.02,1
154430.0,0.0013,0.0055,6.4117,51.51,1
154440.0,0.0013,-0.0251,6.4347,-57.78,1
154450.0,0.0013,-0.0218,6.4538,-54.22,1
154460.0,0.0013,0.0,6.4695,50.11,1
154470.0,0.0013,-0.0305,6.4826,-54.21,1
154480.0,0.0013,-0.0229,6.4933,-48.33,1
154489.0,0.0013,-0.0022,6.5023,48.3,1
154499.0,0.0002,-0.0382,6.5096,-65.06,1
154510.0,0.0002,-0.0098,5.3852,-46.26,1
154520.0,0.0002,-0.0131,5.5856,-55.51,1
154530.0,0.0002,-0.0229,5.7513,-58.61,1
154540.0,0.0002,0.0,5.8884,46.1,1
154550.0,0.0002,0.0087,6.0018,51.05,1
154560.0,0.0002,-0.024,4.9651,-55.42,1
154570.0,0.0002,-0.0011,5.238,44.57,1
154581.0,0.0002,0.0164,5.4638,53.03,1
154589.0,0.0002,-0.012,5.6505,-56.22,1
154600.0,0.0002,0.024,5.805,57.6,1
154610.0,0.0002,0.0065,4.8023,48.46,1
154621.0,0.0002,-0.0175,5.1033,-54.43,1
154631.0,0.0002,0.0098,5.3523,50.16,1
154639.0,0.0002,0.0076,5.5583,48.78,1
154650.0,0.0002,-0.0284,5.7288,-58.03,1
154661.0,0.0002,0.0153,4.7392,52.42,1
154671.0,0.0002,-0.0044,5.0511,-44.02,1
154681.0,0.0002,0.0229,5.3092,55.89,1
154691.0,0.0002,-0.0076,4.3921,-45.91,1
154701.0,0.0002,-0.024,4.764,-59.46,1
154711.0,0.0002,0.0229,5.0716,56.25,1
154721.0,0.0002,-0.0175,4.1956,-52.6,1
154731.0,0.0002,-0.0109,3.4709,-47.08,1
154741.0,0.0002,0.0153,4.0019,52.1,1
154751.0,0.0002,-0.0153,4.4412,-52.8,1
154761.0,0.0002,0.0065,3.674,47.87,1
154771.0,0.0002,0.0,4.1699,44.44,1
154781.0,-0.0009,-0.0251,4.5802,-67.35,1
154791.0,-0.0009,0.0033,3.789,-43.74,1
154801.0,-0.0009,-0.0076,3.1346,-54.7,1
154811.0,-0.0009,-0.0109,3.7236,-58.02,1
154821.0,-0.0009,0.0131,4.211,48.24,1
154831.0,-0.0009,-0.0207,3.4836,-60.66,1
154841.0,-0.0009,-0.0076,4.0124,-56.96,1
154851.0,-0.0009,0.0,4.4499,-44.12,1
154861.0,-0.0009,-0.0153,3.6812,-56.47,1
154871.0,-0.0009,-0.0098,3.0454,-55.7,1
154882.0,-0.0009,-0.0022,2.5194,-45.21,1
154891.0,-0.0009,-0.0022,3.2147,-45.8,1
154901.0,-0.0009,0.0033,3.7899,-43.55,1
154911.0,-0.0009,0.0011,3.1353,-44.96,1
154921.0,-0.0009,0.0109,2.5937,45.86,1
154932.0,-0.0009,0.0087,2.1457,44.53,1
154941.0,-0.0009,0.0098,2.9056,44.93,1
154951.0,-0.0009,0.0044,3.5342,-44.18,1
154962.0,0.0002,0.0218,2.9238,55.03,1
154972.0,0.0002,0.0098,2.4188,48.91,1
154982.0,0.0002,-0.0011,2.001,43.37,1
154992.0,0.0002,-0.0022,1.6553,-43.31,1
155002.0,0.0002,-0.012,1.3694,-52.44,1
155012.0,0.0002,0.0,1.1329,44.29,1
155022.0,-0.0009,-0.0371,2.0677,-69.01,1
155032.0,-0.0009,0.0011,2.8411,-45.34,1
155042.0,-0.0009,-0.0109,2.3503,-54.65,1
155052.0,-0.0009,-0.0022,1.9444,-46.87,1
155062.0,-0.0009,-0.0098,1.6085,-50.88,1
155072.0,-0.0009,-0.0098,1.3307,-53.12,1
155082.0,-0.0009,0.0,1.1008,-45.97,1
155092.0,-0.0009,-0.0065,0.9107,-53.58,1
155102.0,0.0002,-0.0033,0.7534,-42.96,1
155112.0,0.0002,0.0,0.6233,44.42,1
155122.0,0.0002,-0.0033,0.5156,-43.33,1
155132.0,0.0002,-0.0011,0.4265,43.56,1
155142.0,0.0002,-0.0044,0.3529,-44.12,1
155152.0,0.0002,0.0065,0.2919,47.17,1
155162.0,0.0002,0.0,0.2415,43.82,1
155172.0,0.0002,-0.0098,0.1998,-47.05,1
155182.0,0.0002,-0.0055,0.1653,-44.92,1
155192.0,0.0002,-0.0131,0.1367,-52.96,1
155202.0,0.0002,0.0,0.1131,44.21,1
155212.0,0.0002,-0.0153,0.0936,-52.6,1
155222.0,0.0002,-0.0076,0.0774,-45.33,1
155233.0,0.0002,0.012,0.064,50.21,1
155242.0,0.0002,0.012,0.053,50.07,1
155252.0,0.0002,-0.0251,0.0438,-56.57,1
155263.0,-0.0009,-0.0196,0.0363,-60.11,1
155273.0,-0.0009,-0.0425,0.03,-73.22,1
155283.0,-0.0009,-0.0098,0.0248,-51.0,1
155292.0,-0.0009,-0.0098,0.0205,-52.24,1
155302.0,-0.0009,-0.0284,0.017,-65.72,1
155313.0,-0.002,-0.0196,0.014,-63.08,1
155323.0,-0.002,-0.0556,0.0116,-78.83,1
155333.0,-0.0031,-0.0851,0.0096,-100.17,1
155343.0,-0.0031,-0.012,0.008,-63.47,1
155353.0,-0.0031,-0.0491,0.0066,-81.89,1
155363.0,-0.0041,-0.0436,0.0054,-81.33,1
155373.0,-0.0041,-0.0229,0.0045,-74.31,1
155383.0,-0.0041,-0.0436,0.0037,-83.37,1
155392.0,-0.0041,-0.0436,0.0031,-85.39,1
155402.0,-0.0052,-0.024,0.0025,-76.46,1
155413.0,-0.0052,-0.0502,0.0021,-88.66,1
155423.0,-0.0052,-0.0338,-1.1288,-80.79,1
155433.0,-0.0063,-0.0556,-2.0643,-99.46,1
155442.0,-0.0063,-0.0556,-1.7077,-97.09,1
155453.0,-0.0074,-0.0611,-1.4128,-106.34,1
155463.0,-0.0074,-0.0502,-1.1687,-99.61,1
155473.0,-0.0074,-0.0371,-0.9669,-94.07,1
155483.0,-0.0085,-0.0436,-0.7999,-99.44,1
155493.0,-0.0085,-0.0665,-1.7922,-114.23,1
155503.0,-0.0096,-0.0644,-2.6131,-115.14,1
155513.0,-0.0096,-0.0513,-2.1618,-108.61,1
155523.0,-0.0107,-0.0578,-1.7884,-112.07,1
155534.0,-0.0107,-0.0524,-2.61,-115.21,1
155543.0,-0.0118,-0.0524,-3.2897,-120.42,1
155553.0,-0.0118,-0.0513,-2.7214,-118.48,1
155564.0,-0.0129,-0.0578,-3.3819,-122.89,1
155574.0,-0.0129,-0.0622,-3.9282,-127.51,1
155584.0,-0.014,-0.0731,-4.3802,-141.52,1
155593.0,-0.0151,-0.0753,-4.7541,-140.14,1
155603.0,-0.0151,-0.0753,-3.933,-142.58,1
155614.0,-0.0161,-0.0764,-4.3841,-146.49,1
155624.0,-0.0172,-0.0829,-4.7574,-153.26,1
155634.0,-0.0172,-0.0578,-5.0661,-144.14,1
155643.0,-0.0183,-0.0774,-5.3216,-158.13,1
155653.0,-0.0183,-0.0742,-5.5329,-154.25,1
155664.0,-0.0194,-0.0884,-6.8382,-172.2,1
155674.0,-0.0205,-0.0916,-6.7876,-176.44,1
155684.0,-0.0216,-0.096,-6.7457,-176.27,1
155694.0,-0.0227,-0.0916,-7.8415,-176.9,1
155704.0,-0.0238,-0.0949,-8.7481,-184.67,1
155714.0,-0.0238,-0.0894,-9.498,-182.38,1
155724.0,-0.0249,-0.084,-10.1185,-184.37,1
155734.0,-0.026,-0.0807,-10.6317,-196.81,1
155744.0,-0.026,-0.0578,-11.0563,-183.28,1
155754.0,-0.0271,-0.0742,-11.4076,-190.96,1
155764.0,-0.0271,-0.0589,-11.6982,-186.48,1
155774.0,-0.0281,-0.0447,-13.0691,-175.03,1
155785.0,-0.0281,-0.0676,-14.2032,-187.32,1
155794.0,-0.0292,-0.0316,-14.0109,-180.59,1
155804.0,-0.0292,-0.0371,-14.9823,-176.75,1
155815.0,-0.0292,-0.0556,-15.786,-195.01,1
155825.0,-0.0292,-0.0065,-16.4508,-163.56,1
155835.0,-0.0303,-0.0349,-18.1313,-186.69,1
155844.0,-0.0303,-0.0698,-19.5215,-197.63,1
155854.0,-0.0303,0.0142,-19.5411,-165.65,1
155864.0,-0.0303,-0.06,-19.5573,-192.54,1
155875.0,-0.0303,-0.0098,-20.7012,-171.28,1
155885.0,-0.0303,0.0131,-21.6476,-159.96,1
155894.0,-0.0314,-0.0578,-22.4304,-209.32,1
155905.0,-0.0314,-0.0076,-23.0781,-174.69,1
155915.0,-0.0314,0.0033,-24.7444,-170.53,1
155925.0,-0.0314,-0.0698,-26.1228,-209.22,1
155935.0,-0.0314,0.024,-26.1327,-155.75,1
155945.0,-0.0325,-0.0382,-27.2714,-190.83,1
155955.0,-0.0325,-0.0829,-29.3438,-226.49,1
155965.0,-0.0325,0.012,-29.9278,-165.33,1
155975.0,-0.0336,-0.0502,-30.411,-208.88,1
155985.0,-0.0336,-0.0589,-31.9412,-220.27,1
155995.0,-0.0336,0.0447,-33.207,-152.58,1
156005.0,-0.0336,-0.0665,-33.1238,-217.52,1
156015.0,-0.0347,-0.0251,-33.0549,-195.55,1
156025.0,-0.0336,0.0545,-35.2589,-164.45,1
156035.0,-0.0336,-0.0404,-37.0822,-199.13,1
156045.0,-0.0336,0.0175,-37.4601,-169.65,1
156055.0,-0.0336,0.0567,-37.7727,-147.4,1
156065.0,-0.0336,-0.0404,-39.1618,-196.84,1
156075.0,-0.0336,0.0316,-40.311,-172.04,1
156085.0,-0.0336,0.0164,-41.2617,-168.39,1
156095.0,-0.0336,-0.0469,-42.0481,-210.19,1
156105.0,-0.0336,0.0175,-42.6988,-185.74,1
156115.0,-0.0336,-0.0349,-43.237,-192.48,1
156125.0,-0.0347,-0.0644,-43.6823,-232.53,1
156136.0,-0.0347,0.0076,-45.1811,-183.28,1
156146.0,-0.0347,-0.0218,-46.4211,-190.82,1
156156.0,-0.0347,-0.024,-47.4469,-194.06,1
156166.0,-0.0347,0.0338,-48.2955,-169.04,1
156176.0,-0.0347,-0.0087,-48.9975,-191.54,1
156186.0,-0.0347,-0.0524,-49.5783,-218.6,1
156196.0,-0.0347,0.0371,-50.0588,-175.28,1
156206.0,-0.0347,-0.0251,-51.5867,-191.99,1
156216.0,-0.0347,-0.0131,-52.8508,-203.96,1
156226.0,-0.0347,0.0185,-53.8965,-170.12,1
156236.0,-0.0358,-0.0371,-55.8921,-206.73,1
156246.0,-0.0358,-0.0284,-56.4125,-220.72,1
156256.0,-0.0347,0.0578,-56.843,-158.78,1
156266.0,-0.0358,-0.0458,-58.3296,-235.05,1
156276.0,-0.0358,-0.0305,-59.5595,-196.65,1
156286.0,-0.0358,0.0545,-59.4464,-160.02,1
156296.0,-0.0358,-0.0447,-60.4834,-206.35,1
156306.0,-0.0358,0.0011,-62.4717,-191.06,1
156316.0,-0.0347,0.0622,-62.9861,-150.04,1
156326.0,-0.0358,-0.0611,-63.4117,-217.01,1
156336.0,-0.0358,0.012,-64.8942,-198.07,1
156346.0,-0.0358,0.0185,-66.1207,-176.49,1
156356.0,-0.0358,-0.0785,-67.1353,-242.79,1
156366.0,-0.0358,0.0044,-67.9747,-207.24,1
156376.0,-0.0358,0.0164,-68.6691,-179.22,1
156386.0,-0.0369,-0.0665,-69.2435,-228.09,1
156396.0,-0.0369,0.0164,-69.7188,-180.85,1
156407.0,-0.0358,0.0622,-71.2424,-167.45,1
156417.0,-0.0369,-0.0818,-73.6334,-230.68,1
156427.0,-0.0369,0.0175,-75.6114,-202.17,1
156437.0,-0.0358,0.0436,-76.1172,-163.1,1
156447.0,-0.0369,-0.0633,-76.5356,-222.18,1
156457.0,-0.0369,0.0196,-76.8818,-204.79,1
156467.0,-0.0358,0.0469,-77.1682,-175.12,1
156477.0,-0.0369,-0.0458,-78.5356,-211.75,1
156487.0,-0.0358,0.0218,-79.6668,-175.02,1
156497.0,-0.0358,0.0545,-80.6027,-169.24,1
156507.0,-0.0358,-0.0458,-82.5074,-209.73,1
156517.0,-0.0358,-0.0055,-82.9526,-195.78,1
156527.0,-0.0358,0.0251,-83.3209,-193.16,1
156537.0,-0.0369,-0.0469,-84.7561,-236.19,1
156547.0,-0.0369,-0.0033,-85.9433,-190.61,1
156557.0,-0.0358,0.0196,-86.9256,-176.31,1
156567.0,-0.0369,-0.048,-87.7381,-215.7,1
156577.0,-0.0369,0.0098,-88.4103,-197.2,1
156587.0,-0.0369,-0.0011,-88.9664,-192.76,1
156597.0,-0.0369,-0.0524,-90.557,-231.92,1
156608.0,-0.0369,0.0262,-91.8728,-198.03,1
156618.0,-0.0369,0.0229,-92.9613,-196.01,1
156628.0,-0.0369,-0.0654,-93.8618,-238.18,1
156638.0,-0.0369,0.0098,-94.6068,-198.88,1
156648.0,-0.0369,0.0065,-96.3536,-185.57,1
156658.0,-0.038,-0.0393,-96.6681,-217.65,1
156668.0,-0.038,0.0273,-96.9284,-182.15,1
156678.0,-0.0369,0.0316,-98.2742,-179.97,1
156688.0,-0.038,-0.0491,-99.3875,-248.3,1
156698.0,-0.038,0.0218,-101.439,-184.14,1
156708.0,-0.0369,0.0153,-103.1362,-187.66,1
156718.0,-0.038,-0.0611,-103.4097,-228.79,1
156728.0,-0.038,0.0393,-103.636,-194.1,1
156738.0,-0.0369,0.0218,-104.9537,-195.16,1
156748.0,-0.038,-0.0665,-106.0438,-231.5,1
156758.0,-0.038,0.0076,-106.9456,-193.31,1
156768.0,-0.038,0.0196,-107.6916,-188.39,1
156778.0,-0.0391,-0.0753,-108.3088,-248.41,1
156788.0,-0.0391,-0.0109,-109.9499,-216.03,1
156798.0,-0.038,0.0404,-111.3075,-200.54,1
156809.0,-0.0391,-0.0404,-112.4306,-227.49,1
156818.0,-0.0391,-0.0044,-113.3597,-223.54,1
156829.0,-0.038,0.0338,-114.1284,-178.74,1
156839.0,-0.0391,-0.0316,-114.7642,-227.79,1
156849.0,-0.0391,0.0,-116.4208,-204.53,1
156859.0,-0.038,0.0785,-117.7912,-158.65,1
156869.0,-0.038,-0.0316,-118.9249,-215.92,1
156879.0,-0.038,-0.0207,-119.8628,-221.71,1
156889.0,-0.038,0.0742,-120.6387,-173.49,1
156899.0,-0.038,-0.0033,-122.411,-214.83,1
156909.0,-0.038,-0.0185,-123.8773,-216.4,1
156920.0,-0.0369,0.0447,-125.0902,-171.02,1
156929.0,-0.0369,-0.0065,-124.9632,-208.33,1
156939.0,-0.038,-0.0284,-124.8581,-230.5,1
156949.0,-0.0369,0.0305,-127.0321,-177.74,1
156959.0,-0.0369,0.0022,-128.8307,-202.82,1
156969.0,-0.038,-0.048,-129.1881,-222.68,1
156979.0,-0.038,0.024,-129.4837,-187.81,1
156989.0,-0.0369,0.0295,-129.7283,-207.8,1
156999.0,-0.0391,-0.0425,-131.0611,-254.04,1
157009.0,-0.0391,-0.0098,-132.1637,-204.62,1
157020.0,-0.0391,0.0098,-133.0759,-205.09,1
157030.0,-0.0391,-0.024,-133.8305,-214.03,1
157039.0,-0.0391,0.0295,-135.5853,-209.79,1
157050.0,-0.0391,-0.0011,-137.037,-202.57,1
157060.0,-0.0391,-0.0654,-137.1074,-236.21,1
157070.0,-0.0391,0.0131,-138.2961,-198.21,1
157080.0,-0.038,0.06,-139.2796,-196.55,1
157090.0,-0.038,0.0284,-141.2236,-232.97,1
157100.0,-0.0391,-0.0927,-142.8319,-244.69,1
157110.0,-0.0391,-0.0055,-143.0319,-203.38,1
157121.0,-0.0391,0.0251,-143.1973,-221.39,1
157131.0,-0.0391,0.0273,-144.4647,-187.33,1
157140.0,-0.038,0.0578,-145.5131,-195.86,1
157150.0,-0.0391,-0.0796,-146.3805,-244.0,1
157161.0,-0.0391,-0.0284,-148.2285,-255.0,1
157171.0,-0.038,0.0567,-149.7574,-163.42,1
157181.0,-0.038,0.0654,-151.0221,-196.61,1
157190.0,-0.038,-0.0153,-150.9379,-200.11,1
157200.0,-0.038,-0.0011,-150.8683,-219.87,1
157211.0,-0.038,0.0349,-153.0716,-177.0,1
157221.0,-0.038,0.0022,-154.8944,-239.93,1
157231.0,-0.038,0.024,-155.2719,-181.15,1
157240.0,-0.0369,0.0164,-155.5842,-183.36,1
157251.0,-0.0369,-0.012,-156.973,-213.47,1
157262.0,-0.0369,0.0076,-158.1219,-228.83,1
157271.0,-0.0369,0.0262,-157.9419,-181.58,1
157282.0,-0.038,-0.0371,-158.9234,-219.56,1
157291.0,-0.038,-0.0338,-160.866,-220.67,1
157301.0,-0.0369,0.0491,-162.473,-212.74,1
157312.0,-0.038,-0.0153,-162.6719,-203.39,1
157322.0,-0.038,-0.0884,-162.8364,-255.0,1
157332.0,-0.038,0.0131,-164.1031,-190.96,1
157341.0,-0.038,0.0229,-165.1509,-229.04,1
157351.0,-0.0391,-0.0785,-166.0178,-239.57,1
157362.0,-0.0391,-0.024,-166.7349,-255.0,1
157372.0,-0.0391,0.024,-168.4587,-196.93,1
157382.0,-0.0391,-0.0458,-169.8847,-222.94,1
157391.0,-0.0401,-0.0415,-169.9339,-227.67,1
157401.0,-0.0391,0.0458,-171.1051,-218.49,1
157413.0,-0.0391,0.0065,-173.2046,-250.8,1
157422.0,-0.0391,-0.0382,-173.8108,-216.17,1
157432.0,-0.0391,0.048,-174.3124,-230.81,1
157441.0,-0.0391,0.0371,-175.8578,-177.3,1
157451.0,-0.0391,-0.0065,-177.1363,-214.29,1
157463.0,-0.0391,0.012,-178.194,-194.9,1
157473.0,-0.038,0.0524,-179.069,-203.38,1
157483.0,-0.038,-0.0022,-179.7928,-225.6,1
157491.0,-0.038,0.012,-180.3916,-190.17,1
157501.0,-0.0369,0.0676,-182.0175,-226.83,1
157513.0,-0.038,-0.0218,-183.3625,-203.46,1
157523.0,-0.038,-0.0142,-183.3448,-203.12,1
157533.0,-0.0369,0.0382,-184.4606,-193.3,1
157542.0,-0.0369,0.0044,-186.5141,-192.5,1
157552.0,-0.038,-0.0469,-187.0825,-233.2,1
157563.0,-0.038,-0.0076,-187.5526,-205.94,1
157573.0,-0.038,0.0022,-189.0721,-202.88,1
157583.0,-0.038,-0.0535,-189.1986,-255.0,1
157592.0,-0.038,-0.0229,-189.3033,-214.66,1
157602.0,-0.038,0.048,-190.5204,-204.94,1
157612.0,-0.0391,-0.0578,-191.5273,-239.38,1
157623.0,-0.0401,-0.0927,-192.3602,-255.0,1
157634.0,-0.0391,0.0142,-193.0493,-255.0,1
157642.0,-0.0391,0.0196,-193.6193,-248.9,1
157652.0,-0.0401,-0.1244,-195.2214,-255.0,1
157664.0,-0.0412,-0.0469,-197.6773,-255.0,1
157674.0,-0.0401,0.1004,-198.5784,-217.49,1
157684.0,-0.0401,-0.024,-199.3239,-209.76,1
157692.0,-0.0412,-0.0796,-199.9407,-255.0,1
157702.0,-0.0401,0.0807,-201.5814,-249.46,1
157714.0,-0.0391,0.0873,-202.9387,-144.18,1
157724.0,-0.0401,-0.0796,-204.0616,-237.95,1
157734.0,-0.0391,0.0742,-206.121,-247.46,1
157742.0,-0.038,0.1636,-206.6942,-104.85,1
157752.0,-0.0391,-0.0633,-208.2989,-228.13,1
157764.0,-0.038,0.0447,-209.6264,-246.42,1
157774.0,-0.0369,0.1636,-209.5941,-104.09,1
157784.0,-0.0369,-0.0622,-210.6979,-221.76,1
157793.0,-0.0369,0.0295,-211.6111,-255.0,1
157803.0,-0.038,-0.0654,-212.3665,-218.46,1
157815.0,-0.038,-0.0654,-214.1219,-224.31,1
157825.0,-0.038,0.0404,-214.4436,-255.0,1
157834.0,-0.0369,0.0938,-214.7098,-128.52,1
157843.0,-0.0369,-0.0273,-216.0604,-255.0,1
157853.0,-0.0358,0.0807,-217.1778,-252.1,1
157865.0,-0.0358,0.0807,-218.1022,-124.44,1
157875.0,-0.0347,0.108,-219.9974,-114.92,1
157885.0,-0.0336,0.0807,-221.5653,-169.73,1
157893.0,-0.0336,0.0022,-221.7318,-170.38,1
157903.0,-0.0325,0.1014,-221.8696,-121.65,1
157915.0,-0.0325,0.0087,-223.1141,-172.38,1
157925.0,-0.0325,0.0284,-224.1436,-166.07,1
157935.0,-0.0314,0.0949,-223.8648,-255.0,1
157943.0,-0.0325,-0.0753,-224.7646,-202.99,1
157953.0,-0.0325,0.0065,-225.5091,-167.88,1
157965.0,-0.0314,0.0469,-226.1249,-255.0,1
157975.0,-0.0325,-0.0764,-226.6344,-197.02,1
157985.0,-0.0325,0.0142,-227.0558,-158.86,1
157993.0,-0.0325,-0.048,-228.535,-195.81,1
158003.0,-0.0336,-0.036,-228.6282,-198.7,1
158015.0,-0.0325,0.0556,-228.7053,-158.43,1
158026.0,-0.0336,-0.1189,-229.8996,-255.0,1
158035.0,-0.0347,-0.096,-230.8875,-221.02,1
158043.0,-0.0336,0.0687,-230.5744,-255.0,1
158053.0,-0.0358,-0.1549,-230.3153,-242.41,1
158066.0,-0.0358,-0.0687,-232.362,-222.84,1
158075.0,-0.0358,0.0447,-232.9246,-255.0,1
158086.0,-0.0369,-0.1331,-233.3901,-236.67,1
158094.0,-0.0369,-0.0229,-234.9057,-190.31,1
158104.0,-0.038,-0.0371,-235.029,-208.58,1
158116.0,-0.038,-0.06,-236.2615,-225.67,1
158126.0,-0.038,0.0698,-237.2811,-255.0,1
158136.0,-0.0391,-0.1102,-238.1246,-255.0,1
158144.0,-0.0391,-0.0785,-239.9529,-231.29,1
158154.0,-0.038,0.0916,-240.3349,-255.0,1
158166.0,-0.0391,-0.0731,-240.6509,-215.6,1
158176.0,-0.0391,0.012,-242.0428,-181.97,1
158186.0,-0.0391,-0.0175,-243.1943,-203.83,1
158194.0,-0.0401,-0.0524,-244.147,-231.37,1
158204.0,-0.0391,0.1047,-244.935,-255.0,1
158216.0,-0.0401,-0.1265,-245.587,-249.48,1
158226.0,-0.0401,-0.0218,-247.2568,-255.0,1
158236.0,-0.0391,0.0851,-248.6382,-228.67,1
158244.0,-0.0391,-0.0251,-249.781,-193.35,1
158254.0,-0.0391,0.0644,-250.7264,-255.0,1
158267.0,-0.0401,-0.0971,-251.5085,-233.23,1
158277.0,-0.0401,-0.0065,-253.2861,-197.05,1
158287.0,-0.0391,0.1113,-253.626,-255.0,1
158294.0,-0.0391,-0.0458,-253.9073,-202.78,1
158304.0,-0.038,0.1625,-255.2705,-255.0,1
158317.0,-0.0391,-0.132,-256.3982,-231.59,1
158327.0,-0.0391,-0.0447,-257.3311,-200.04,1
158337.0,-0.038,0.1745,-258.1029,-95.72,1
158344.0,-0.038,-0.0196,-258.7414,-200.54,1
158355.0,-0.0369,0.1374,-259.2696,-255.0,1
158367.0,-0.038,-0.1778,-260.8371,-255.0,1
158377.0,-0.0391,-0.0535,-262.1338,-255.0,1
158387.0,-0.038,0.1353,-262.076,-95.49,1
158395.0,-0.0369,0.072,-263.1588,-134.7,1
158405.0,-0.0358,0.1145,-264.0545,-118.62,1
158417.0,-0.038,-0.2345,-264.7955,-255.0,1
158427.0,-0.038,-0.0327,-265.4084,-255.0,1
158437.0,-0.038,0.0644,-265.9156,-144.04,1
158445.0,-0.0369,0.0764,-266.3351,-255.0,1
158455.0,-0.0369,-0.0371,-267.8127,-177.97,1
158467.0,-0.0391,-0.1789,-269.035,-255.0,1
158478.0,-0.038,0.0676,-268.9157,-255.0,1
158488.0,-0.0391,-0.0251,-269.9475,-184.4,1
158495.0,-0.038,0.0665,-270.8011,-255.0,1
158505.0,-0.0391,-0.1353,-271.5073,-231.68,1
158518.0,-0.0401,-0.0447,-272.0915,-203.67,1
158528.0,-0.0391,0.0654,-273.7053,-154.75,1
158538.0,-0.0391,-0.0556,-275.0403,-223.73,1
158545.0,-0.0391,0.0469,-275.0142,-255.0,1
158555.0,-0.0412,-0.1625,-276.1231,-255.0,1
158568.0,-0.0412,-0.012,-277.0405,-221.75,1
158578.0,-0.0412,-0.036,-277.7994,-227.55,1
158588.0,-0.0401,0.0742,-278.4273,-255.0,1
158595.0,-0.0412,-0.0785,-278.9467,-247.68,1
158605.0,-0.0434,-0.2051,-280.5069,-255.0,1
158618.0,-0.0434,0.0055,-281.7976,-204.32,1
158628.0,-0.0423,0.0458,-282.8654,-188.07,1
158638.0,-0.0423,0.0709,-283.7487,-182.17,1
158645.0,-0.0445,-0.2138,-284.4794,-255.0,1
158656.0,-0.0445,-0.084,-285.084,-255.0,1
158669.0,-0.0456,-0.0327,-285.5841,-249.61,1
158678.0,-0.0445,0.0415,-285.9978,-237.07,1
158688.0,-0.0467,-0.1647,-287.4706,-255.0,1
158696.0,-0.0478,-0.1134,-288.6889,-255.0,1
158706.0,-0.0478,-0.0295,-289.6968,-250.92,1
158719.0,-0.0478,-0.0055,-290.5307,-255.0,1
158729.0,-0.0489,-0.0633,-291.2205,-255.0,1
158739.0,-0.05,-0.1647,-292.9217,-255.0,1
158746.0,-0.05,-0.0371,-294.329,-255.0,1
158756.0,-0.0511,-0.036,-294.3627,-255.0,1
158769.0,-0.0511,-0.0295,-295.5211,-255.0,1
158779.0,-0.0521,-0.1614,-297.61,-255.0,1
158789.0,-0.0532,-0.0796,-298.2075,-255.0,1
158796.0,-0.0532,-0.0251,-298.7018,-255.0,1
158806.0,-0.0532,-0.0065,-300.2412,-255.0,1
158819.0,-0.0554,-0.1549,-301.5148,-255.0,1
158829.0,-0.0565,-0.0851,-302.5683,-255.0,1
158839.0,-0.0565,-0.0513,-303.4399,-255.0,1
158846.0,-0.0565,0.0175,-304.1609,-255.0,1
158856.0,-0.0576,-0.1658,-305.8879,-255.0,1
158869.0,-0.0587,-0.1047,-307.3166,-255.0,1
158879.0,-0.0598,-0.0687,-308.4986,-255.0,1
158889.0,-0.0598,0.0076,-309.4763,-255.0,1
158896.0,-0.0609,-0.1702,-311.4157,-255.0,1
158906.0,-0.0631,-0.1429,-313.0201,-255.0,1
158919.0,-0.0641,-0.12,-313.2169,-255.0,1
158929.0,-0.0641,-0.0033,-314.5101,-255.0,1
158939.0,-0.0663,-0.2149,-315.58,-255.0,1
158946.0,-0.0674,-0.1702,-317.5956,-255.0,1
158956.0,-0.0696,-0.156,-319.263,-255.0,1
158969.0,-0.0696,-0.0709,-319.512,-255.0,1
158980.0,-0.0729,-0.2673,-320.8484,-255.0,1
158990.0,-0.075,-0.2345,-321.954,-255.0,1
158997.0,-0.0772,-0.2334,-322.8687,-255.0,1
159007.0,-0.0783,-0.1451,-323.6253,-255.0,1
159020.0,-0.0816,-0.3447,-324.2513,-255.0,1
159030.0,-0.0849,-0.3207,-325.8996,-255.0,1
159040.0,-0.0881,-0.3371,-327.2632,-255.0,1
159047.0,-0.0903,-0.2574,-328.3913,-255.0,1
159057.0,-0.0947,-0.4658,-329.3245,-255.0,1
159070.0,-0.099,-0.4145,-330.0966,-255.0,1
159080.0,-0.1034,-0.492,-331.8658,-255.0,1
159090.0,-0.1078,-0.408,-333.3293,-255.0,1
159097.0,-0.1143,-0.6229,-334.5402,-255.0,1
159107.0,-0.1198,-0.5618,-334.4113,-255.0,1
159120.0,-0.1263,-0.6981,-335.4352,-255.0,1
159130.0,-0.1329,-0.6687,-337.4128,-255.0,1
159140.0,-0.1405,-0.7909,-337.9183,-255.0,1
159147.0,-0.1492,-0.8825,-338.3365,-255.0,1
159157.0,-0.158,-0.9348,-339.8129,-255.0,1
159170.0,-0.1678,-1.0516,-341.0344,-255.0,1
159180.0,-0.1787,-1.1039,-342.0448,-255.0,0
159190.0,-0.1918,-1.3188,-342.8807,-255.0,0
159197.0,-0.2049,-1.333,-343.5722,-255.0,0
159207.0,-0.219,-1.4944,-345.2747,-255.0,0
159220.0,-0.231,-1.2763,-345.5528,-255.0,0
159230.0,-0.2452,-1.4181,-345.7827,-255.0,0
159240.0,-0.255,-1.0461,-345.973,-255.0,0
159247.0,-0.2649,-1.0548,-346.1304,-255.0,0
159257.0,-0.2714,-0.6872,-347.3911,-255.0,0
159270.0,-0.2769,-0.5552,-348.434,-255.0,0
159280.0,-0.279,-0.2138,-348.1664,-255.0,0
159291.0,-0.279,0.0262,-347.9449,-255.0,0
159298.0,-0.2747,0.4712,-348.8922,-255.0,0
159308.0,-0.2703,0.4145,-348.5453,-255.0,0
159321.0,-0.267,0.3098,-348.2585,-255.0,0
159331.0,-0.2649,0.3022,-348.0211,-255.0,0
159341.0,-0.2616,0.3131,-347.8247,-255.0,0
159348.0,-0.2561,0.5454,-348.7928,-255.0,0
159358.0,-0.2518,0.4211,-348.4631,-255.0,0
159371.0,-0.2463,0.6207,-348.1904,-255.0,0
159381.0,-0.2409,0.5181,-347.9648,-255.0,0
159391.0,-0.2354,0.5651,-347.7781,-255.0,0
159398.0,-0.231,0.4701,-347.6237,-255.0,0
159408.0,-0.2267,0.408,-347.496,-255.0,0
159421.0,-0.2245,0.324,-347.3904,-255.0,0
159431.0,-0.2223,0.1713,-347.3029,-255.0,0
159441.0,-0.2201,0.18,-347.2306,-255.0,0
159448.0,-0.2201,0.0,-347.1707,-255.0,0
159458.0,-0.2201,0.0164,-347.1212,-255.0,0
159471.0,-0.2223,-0.1364,-347.0803,-255.0,0
159481.0,-0.2234,-0.1745,-347.0464,-255.0,0
159491.0,-0.2256,-0.2683,-345.8879,-255.0,0
159498.0,-0.2289,-0.312,-346.06,-255.0,0
159508.0,-0.2321,-0.288,-346.2023,-255.0,0
159521.0,-0.2354,-0.3447,-346.3201,-255.0,0
159531.0,-0.2376,-0.2193,-346.4175,-255.0,0
159541.0,-0.2409,-0.3174,-346.4981,-255.0,0
159548.0,-0.2419,-0.1636,-346.5648,-255.0,0
159558.0,-0.2452,-0.2858,-345.4895,-255.0,0
159571.0,-0.2463,-0.1353,-345.7304,-255.0,0
159581.0,-0.2474,-0.18,-345.9297,-255.0,0
159591.0,-0.2485,-0.0131,-344.9641,-255.0,0
159598.0,-0.2474,0.0207,-345.2957,-255.0,0
159608.0,-0.2463,0.1091,-345.5701,-255.0,0
159622.0,-0.2452,0.1887,-344.6666,-255.0,0
159632.0,-0.243,0.1822,-345.0497,-255.0,0
159642.0,-0.2409,0.2814,-345.3666,-255.0,0
159649.0,-0.2387,0.2007,-344.4982,-255.0,0
159659.0,-0.2354,0.3229,-343.7798,-255.0,0
159672.0,-0.2343,0.156,-344.316,-255.0,0
159682.0,-0.231,0.2487,-344.7596,-255.0,0
159692.0,-0.231,0.0633,-343.9961,-255.0,0
159699.0,-0.2299,0.1058,-343.3644,-255.0,0
159709.0,-0.2299,-0.0109,-342.8419,-255.0,0
159722.0,-0.2299,-0.0393,-343.5401,-255.0,0
159732.0,-0.231,-0.0633,-344.1177,-255.0,0
159742.0,-0.2321,-0.1462,-343.4651,-255.0,0
159749.0,-0.2332,-0.1134,-342.9251,-255.0,0
159759.0,-0.2354,-0.2574,-342.4785,-255.0,0
159772.0,-0.2376,-0.1396,-342.109,-255.0,0
159782.0,-0.2398,-0.276,-341.8033,-255.0,0
159792.0,-0.2409,-0.1036,-342.6809,-255.0,0
159799.0,-0.243,-0.2247,-343.407,-255.0,0
159809.0,-0.243,-0.0491,-342.8771,-255.0,0
159822.0,-0.2441,-0.1058,-342.4387,-255.0,0
159832.0,-0.2441,0.0055,-342.0761,-255.0,0
159842.0,-0.2441,0.0273,-341.7761,-255.0,0
159849.0,-0.2441,0.0731,-341.5279,-255.0,0
159859.0,-0.2419,0.1571,-341.3226,-255.0,0
159872.0,-0.2409,0.108,-341.1527,-255.0,0
159882.0,-0.2387,0.2127,-341.0122,-255.0,0
159892.0,-0.2376,0.1113,-340.896,-255.0,0
159899.0,-0.2354,0.2258,-340.7998,-255.0,0
159909.0,-0.2354,0.0687,-340.7203,-255.0,0
159923.0,-0.2332,0.18,-340.6545,-255.0,0
159933.0,-0.2332,0.0076,-340.6,-255.0,0
159943.0,-0.2321,0.0687,-340.555,-255.0,0
159950.0,-0.2321,0.0,-340.5177,-255.0,0
159960.0,-0.2332,-0.0502,-340.4869,-255.0,0
159973.0,-0.2343,-0.0785,-340.4614,-255.0,0
159983.0,-0.2354,-0.156,-340.4403,-255.0,0
159993.0,-0.2365,-0.0971,-340.4229,-255.0,0
160000.0,-0.2387,-0.2094,-340.4084,-255.0,0
160010.0,-0.2387,-0.0742,-339.2659,-255.0,0
160023.0,-0.2409,-0.2062,-338.3208,-255.0,0
160033.0,-0.2409,-0.024,-338.6694,-255.0,0
160043.0,-0.243,-0.1473,-338.9579,-255.0,0
160050.0,-0.243,0.0153,-339.1964,-255.0,0
160060.0,-0.243,-0.0611,-338.2633,-255.0,0
160073.0,-0.2419,0.0884,-338.6219,-255.0,0
160083.0,-0.2419,0.0469,-338.9185,-255.0,0
160093.0,-0.2409,0.1331,-338.0334,-255.0,0
160100.0,-0.2398,0.1025,-338.4317,-255.0,0
160110.0,-0.2387,0.12,-338.7612,-255.0,0
160123.0,-0.2365,0.1549,-337.9033,-255.0,0
160133.0,-0.2365,0.0753,-337.1935,-255.0,0
160143.0,-0.2343,0.1549,-337.7369,-255.0,0
160150.0,-0.2343,0.0,-338.1864,-255.0,0
160160.0,-0.2332,0.1014,-337.4277,-255.0,0
160173.0,-0.2343,-0.0687,-336.8001,-255.0,0
160183.0,-0.2343,0.0382,-337.4114,-255.0,0
160193.0,-0.2354,-0.1309,-336.7866,-255.0,0
160200.0,-0.2354,-0.0262,-336.2697,-255.0,0
160210.0,-0.2365,-0.1484,-336.9727,-255.0,0
160223.0,-0.2376,-0.0862,-337.5542,-255.0,0
160233.0,-0.2387,-0.1342,-336.9047,-255.0,0
160244.0,-0.2398,-0.1134,-336.3674,-255.0,0
160250.0,-0.2409,-0.0873,-335.923,-255.0,0
160260.0,-0.2419,-0.1102,-335.5553,-255.0,0
160274.0,-0.2419,0.0055,-336.3816,-255.0,0
160284.0,-0.243,-0.0731,-335.9347,-255.0,0
160294.0,-0.2419,0.0742,-335.565,-255.0,0
160301.0,-0.2419,-0.0338,-335.2591,-255.0,0
160311.0,-0.2409,0.1374,-335.0061,-255.0,0
160324.0,-0.2409,0.0065,-335.9272,-255.0,0
160334.0,-0.2398,0.1636,-335.5588,-255.0,0
160344.0,-0.2398,0.0284,-335.254,-255.0,0
160351.0,-0.2376,0.1625,-336.1324,-255.0,0
160361.0,-0.2376,0.0153,-335.7285,-255.0,0
160374.0,-0.2365,0.1254,-334.2639,-255.0,0
160384.0,-0.2365,0.0164,-334.1828,-255.0,0
160394.0,-0.2354,0.0404,-334.1157,-255.0,0
160401.0,-0.2354,-0.0055,-332.9296,-255.0,0
160411.0,-0.2365,-0.0404,-333.079,-255.0,0
160424.0,-0.2365,-0.0382,-334.333,-255.0,0
160434.0,-0.2376,-0.1091,-334.24,-255.0,0
160444.0,-0.2376,-0.0415,-333.0325,-255.0,0
160451.0,-0.2398,-0.1451,-333.164,-255.0,0
160461.0,-0.2398,-0.0044,-333.2729,-255.0,0
160474.0,-0.2409,-0.1516,-333.3629,-255.0,0
160484.0,-0.2409,0.0033,-333.4374,-255.0,0
160494.0,-0.2419,-0.1222,-333.4991,-255.0,0
160501.0,-0.2419,0.0469,-333.55,-255.0,0
160511.0,-0.2419,-0.0698,-332.4617,-255.0,0
160524.0,-0.2409,0.0894,-332.6919,-255.0,0
160534.0,-0.2409,-0.0076,-332.8823,-255.0,0
160545.0,-0.2409,0.1014,-333.0398,-255.0,0
160551.0,-0.2398,0.0262,-333.1701,-255.0,0
160561.0,-0.2398,0.0894,-332.1474,-255.0,0
160574.0,-0.2387,0.06,-331.3013,-255.0,0
160584.0,-0.2376,0.0818,-331.7319,-255.0,0
160595.0,-0.2376,0.0589,-332.0881,-255.0,0
160602.0,-0.2376,0.024,-331.2523,-255.0,0
160612.0,-0.2365,0.0436,-331.6914,-255.0,0
160624.0,-0.2365,-0.0327,-332.0546,-255.0,0
160635.0,-0.2365,0.0196,-331.2245,-255.0,0
160645.0,-0.2376,-0.0862,-330.5379,-255.0,0
160652.0,-0.2376,0.0076,-331.1004,-255.0,0
160662.0,-0.2387,-0.1374,-331.5657,-255.0,0
160675.0,-0.2387,-0.0076,-330.8201,-255.0,0
160685.0,-0.2398,-0.1374,-330.2033,-255.0,0
160695.0,-0.2398,0.0098,-329.693,-255.0,0
160702.0,-0.2409,-0.108,-329.2709,-255.0,0
160712.0,-0.2409,0.0196,-330.0522,-255.0,0
160725.0,-0.2419,-0.0873,-330.6985,-255.0,0
160735.0,-0.2419,0.0469,-330.1028,-255.0,0
160745.0,-0.2419,-0.0415,-329.6099,-255.0,0
160752.0,-0.2409,0.0665,-329.2021,-255.0,0
160762.0,-0.2409,0.0185,-328.8648,-255.0,0
160775.0,-0.2409,0.036,-329.7162,-255.0,0
160785.0,-0.2398,0.0524,-330.4207,-255.0,0
160795.0,-0.2398,0.0578,-329.8729,-255.0,0
160802.0,-0.2387,0.0665,-329.4196,-255.0,0
160812.0,-0.2387,0.0393,-329.0448,-255.0,0
160825.0,-0.2376,0.0665,-328.7346,-255.0,0
160835.0,-0.2376,-0.0087,-328.478,-255.0,0
160845.0,-0.2376,0.0447,-328.2657,-255.0,0
160852.0,-0.2376,-0.0578,-328.0902,-255.0,0
160862.0,-0.2376,0.0262,-327.9449,-255.0,0
160875.0,-0.2387,-0.0807,-327.8247,-255.0,0
160885.0,-0.2387,0.0109,-327.7253,-255.0,0
160895.0,-0.2398,-0.1233,-327.6431,-255.0,0
160902.0,-0.2398,0.0076,-327.575,-255.0,0
160913.0,-0.2409,-0.1222,-327.5188,-255.0,0
160925.0,-0.2409,0.0142,-327.4722,-255.0,0
160935.0,-0.2419,-0.1222,-327.4337,-255.0,0
160946.0,-0.2419,0.0404,-327.4018,-255.0,0
160953.0,-0.2419,-0.0753,-327.3755,-255.0,0
160963.0,-0.2419,0.0589,-327.3536,-255.0,0
160975.0,-0.2419,-0.0273,-327.3356,-255.0,0
160985.0,-0.2409,0.0894,-327.3206,-255.0,0
160996.0,-0.2409,-0.0087,-327.3083,-255.0,0
161003.0,-0.2398,0.0851,-327.2981,-255.0,0
161013.0,-0.2398,0.0175,-326.1592,-255.0,0
161026.0,-0.2398,0.0611,-326.3474,-255.0,0
161036.0,-0.2398,0.0196,-326.5032,-255.0,0
161046.0,-0.2387,0.0404,-325.5016,-255.0,0
161053.0,-0.2387,0.0185,-325.8034,-255.0,0
161063.0,-0.2387,-0.0087,-326.0531,-255.0,0
161076.0,-0.2387,0.0033,-326.2597,-255.0,0
161086.0,-0.2387,-0.0316,-325.3001,-255.0,0
161096.0,-0.2387,0.0044,-324.5063,-255.0,0
161103.0,-0.2398,-0.0774,-324.9801,-255.0,0
161113.0,-0.2398,0.0,-325.372,-255.0,0
161126.0,-0.2409,-0.0949,-325.6963,-255.0,0
161136.0,-0.2409,0.012,-324.834,-255.0,0
161146.0,-0.2419,-0.096,-324.1207,-255.0,0
161153.0,-0.2409,0.0262,-324.6611,-255.0,0
161163.0,-0.2419,-0.0862,-325.1081,-255.0,0
161176.0,-0.2419,0.0622,-325.4779,-255.0,0
161186.0,-0.243,-0.1004,-324.6534,-255.0,0
161196.0,-0.2419,0.1025,-323.9713,-255.0,0
161203.0,-0.2419,-0.0545,-323.407,-255.0,0
161214.0,-0.2409,0.1058,-322.9401,-255.0,0
161226.0,-0.2409,-0.0382,-323.6844,-255.0,0
161236.0,-0.2409,0.1113,-324.3002,-255.0,0
161246.0,-0.2409,-0.0447,-323.679,-255.0,0
161254.0,-0.2398,0.0982,-323.1652,-255.0,0
161264.0,-0.2409,-0.0535,-322.7402,-255.0,0
161276.0,-0.2398,0.0862,-322.3885,-255.0,0
161286.0,-0.2398,-0.0611,-322.0976,-255.0,0
161297.0,-0.2398,0.0556,-322.9874,-255.0,0
161304.0,-0.2398,-0.0654,-323.7235,-255.0,0
161314.0,-0.2409,-0.0774,-323.202,-255.0,0
161327.0,-0.2419,-0.0774,-322.7706,-255.0,0
161337.0,-0.2419,0.0087,-322.4137,-255.0,0
161347.0,-0.2398,0.0011,-322.1184,-255.0,0
161354.0,-0.2398,-0.0665,-321.8742,-255.0,0
161364.0,-0.2398,0.0109,-321.6721,-255.0,0
161377.0,-0.2398,0.0109,-321.5049,-255.0,0
161387.0,-0.2398,0.0164,-321.3666,-255.0,0
161397.0,-0.2398,-0.0196,-321.2522,-255.0,0
161404.0,-0.2387,0.0284,-321.1576,-255.0,0
161414.0,-0.2376,0.0022,-321.0793,-255.0,0
161427.0,-0.2376,0.0131,-321.0145,-255.0,0
161437.0,-0.2376,0.0098,-320.9609,-255.0,0
161447.0,-0.2376,0.0218,-320.9166,-255.0,0
161454.0,-0.2376,0.0251,-320.8799,-255.0,0
161464.0,-0.2376,0.0175,-320.8496,-255.0,0
161477.0,-0.2365,0.0284,-320.8245,-255.0,0
161487.0,-0.2376,-0.012,-320.8037,-255.0,0
161497.0,-0.2365,0.0218,-320.7865,-255.0,0
161504.0,-0.2387,-0.024,-320.7723,-255.0,0
161515.0,-0.2376,0.0175,-319.6301,-255.0,0
161527.0,-0.2387,-0.0404,-319.8156,-255.0,0
161537.0,-0.2376,0.0196,-319.9691,-255.0,0
161547.0,-0.2398,-0.0524,-320.0961,-255.0,0
161555.0,-0.2387,0.0131,-320.2011,-255.0,0
161565.0,-0.2398,-0.0644,-319.1576,-255.0,0
161577.0,-0.2398,0.0229,-319.4247,-255.0,0
161587.0,-0.2398,-0.072,-319.6458,-255.0,0
161597.0,-0.2398,0.0284,-318.6981,-255.0,0
161605.0,-0.2409,-0.0633,-319.0446,-255.0,0
161615.0,-0.2398,0.0491,-319.3312,-255.0,0
161627.0,-0.2409,-0.0535,-318.4379,-255.0,0
161637.0,-0.2398,0.0654,-317.6989,-255.0,0
161648.0,-0.2398,-0.0447,-318.218,-255.0,0
161655.0,-0.2387,0.0774,-318.6474,-255.0,0
161665.0,-0.2419,-0.0447,-317.8722,-255.0,0
161677.0,-0.2398,0.0676,-318.3614,-255.0,0
161687.0,-0.2398,-0.0491,-318.7661,-255.0,0
161698.0,-0.243,0.0731,-317.9703,-255.0,0
161705.0,-0.243,-0.0611,-317.312,-255.0,0
161715.0,-0.2409,0.0654,-316.7675,-255.0,0
161728.0,-0.2409,-0.0731,-317.4475,-255.0,0
161738.0,-0.2419,0.0556,-318.01,-255.0,0
161748.0,-0.2419,-0.0884,-317.3449,-255.0,0
161755.0,-0.2419,0.0524,-316.7946,-255.0,0
161765.0,-0.2419,-0.0676,-317.4699,-255.0,0
161778.0,-0.243,0.0404,-318.0286,-255.0,0
161788.0,-0.2419,-0.0796,-317.3603,-255.0,0
161798.0,-0.2409,0.0622,-316.8074,-255.0,0
161806.0,-0.2409,-0.0862,-316.35,-255.0,0
161816.0,-0.2376,0.0502,-315.9716,-255.0,0
161828.0,-0.2376,-0.0753,-315.6585,-255.0,0
161838.0,-0.2365,0.0654,-315.3996,-255.0,0
161848.0,-0.2332,-0.0665,-316.3158,-255.0,0
161856.0,-0.2332,0.0829,-315.9433,-255.0,0
161866.0,-0.2354,-0.0644,-315.6351,-255.0,0
161878.0,-0.2332,0.0894,-316.5107,-255.0,0
161888.0,-0.2332,-0.036,-316.1046,-255.0,0
161898.0,-0.2332,0.096,-315.7685,-255.0,0
161906.0,-0.2332,-0.0633,-315.4906,-255.0,0
161916.0,-0.2321,0.0807,-315.2606,-255.0,0
161928.0,-0.2321,-0.0644,-315.0704,-255.0,0
161938.0,-0.2332,0.0665,-314.913,-255.0,0
161948.0,-0.2321,-0.0709,-314.7828,-255.0,0
161956.0,-0.2321,0.06,-314.6751,-255.0,0
161966.0,-0.2332,-0.0774,-314.586,-255.0,0
161978.0,-0.2332,0.0556,-314.5123,-255.0,0
161988.0,-0.2332,-0.0774,-314.4514,-255.0,0
161999.0,-0.2343,0.0622,-314.4009,-255.0,0
162006.0,-0.2343,-0.0916,-314.3592,-255.0,0
162016.0,-0.2332,0.0589,-314.3247,-255.0,0
162029.0,-0.2332,-0.0796,-314.2961,-255.0,0
162039.0,-0.2343,0.0502,-313.142,-255.0,0
162049.0,-0.2332,-0.0665,-313.3177,-255.0,0
162056.0,-0.2332,0.0676,-313.463,-255.0,0
162066.0,-0.2343,-0.06,-312.4528,-255.0,0
162079.0,-0.2343,0.0687,-312.7476,-255.0,0
162089.0,-0.2332,-0.0513,-312.9914,-255.0,0
162099.0,-0.2332,0.1036,-313.1931,-255.0,0
162107.0,-0.2332,-0.0589,-313.36,-255.0,0
162117.0,-0.2332,0.0687,-313.498,-255.0,0
162129.0,-0.2332,-0.0545,-313.6123,-255.0,0
162139.0,-0.2332,0.0665,-312.5763,-255.0,0
162149.0,-0.2321,-0.0556,-311.7192,-255.0,0
162157.0,-0.2321,0.0665,-312.1407,-255.0,0
162167.0,-0.2332,-0.0578,-312.4893,-255.0,0
162179.0,-0.2321,0.0535,-312.7778,-255.0,0
162189.0,-0.2321,-0.06,-311.8859,-255.0,0
162199.0,-0.2321,0.0436,-311.1481,-255.0,0
162207.0,-0.2321,-0.0644,-311.6682,-255.0,0
162217.0,-0.2321,0.0425,-312.0984,-255.0,0
162229.0,-0.2321,-0.0589,-312.4544,-255.0,0
162239.0,-0.2332,0.0371,-311.6184,-255.0,0
162249.0,-0.2321,-0.0567,-310.9268,-255.0,0
162257.0,-0.2321,0.0295,-310.3546,-255.0,0
162267.0,-0.2332,-0.0502,-309.8813,-255.0,0
162279.0,-0.2332,0.0273,-310.6202,-255.0,0
162289.0,-0.2332,-0.024,-311.2315,-255.0,0
162300.0,-0.2332,0.0218,-310.6067,-255.0,0
162307.0,-0.2332,-0.0076,-310.0898,-255.0,0
162317.0,-0.2321,0.036,-310.7927,-255.0,0
162329.0,-0.2321,-0.0033,-310.2437,-255.0,0
162339.0,-0.2321,0.0196,-309.7895,-255.0,0
162350.0,-0.2321,0.0033,-310.5443,-255.0,0
162357.0,-0.2321,0.0142,-310.0382,-255.0,0
162368.0,-0.2321,0.0044,-309.6195,-255.0,0
162380.0,-0.2321,-0.0175,-310.4037,-255.0,0
162390.0,-0.2321,0.0087,-309.9219,-255.0,0
162400.0,-0.2321,-0.0142,-309.5233,-255.0,0
162408.0,-0.2321,0.0273,-309.1936,-255.0,0
162418.0,-0.2321,-0.0436,-308.9208,-255.0,0
162430.0,-0.2332,0.0273,-308.6951,-255.0,0
162440.0,-0.2321,-0.0436,-308.5084,-255.0,0
162450.0,-0.2332,0.0349,-309.4845,-255.0,0
162458.0,-0.2332,-0.0524,-309.1615,-255.0,0
162468.0,-0.2321,0.0436,-308.8942,-255.0,0
162480.0,-0.2321,-0.0611,-308.6732,-255.0,0
162490.0,-0.2332,0.0524,-308.4902,-255.0,0
162500.0,-0.2321,-0.0545,-308.339,-255.0,0
162508.0,-0.2321,0.0687,-307.0833,-255.0,0
162518.0,-0.2332,-0.0622,-307.175,-255.0,0
162530.0,-0.2332,0.0774,-307.2509,-255.0,0
162540.0,-0.2321,-0.0633,-307.3136,-255.0,0
162550.0,-0.2332,0.0731,-307.3655,-255.0,0
162558.0,-0.2332,-0.0633,-307.4085,-255.0,0
162569.0,-0.2321,0.0764,-307.444,-255.0,0
162580.0,-0.2321,-0.0785,-307.4734,-255.0,0
162590.0,-0.2332,0.0698,-307.4978,-255.0,0
162600.0,-0.2321,-0.072,-307.5179,-255.0,0
162608.0,-0.2321,0.0905,-307.5345,-255.0,0
162618.0,-0.2321,-0.072,-307.5483,-255.0,0
162630.0,-0.2332,0.06,-307.5597,-255.0,0
162640.0,-0.2321,-0.0785,-307.5692,-255.0,0
162651.0,-0.2332,0.0578,-307.577,-255.0,0
162659.0,-0.2332,-0.0611,-306.4529,-255.0,0
162669.0,-0.2321,0.0469,-305.523,-255.0,0
162680.0,-0.2321,-0.0611,-305.8842,-255.0,0
162690.0,-0.2332,0.0415,-306.1831,-255.0,0
162701.0,-0.2332,-0.0458,-306.4303,-255.0,0
162709.0,-0.2332,0.0273,-306.6348,-255.0,0
162719.0,-0.2332,-0.0371,-305.6735,-255.0,0
162731.0,-0.2332,0.0273,-304.8782,-255.0,0
162741.0,-0.2332,-0.0196,-305.3508,-255.0,0
162751.0,-0.2332,0.0,-305.7418,-255.0,0
162759.0,-0.2332,0.0076,-304.9347,-255.0,0
162769.0,-0.2332,-0.0098,-304.267,-255.0,0
162781.0,-0.2332,0.0185,-304.8452,-255.0,0
162791.0,-0.2332,-0.0284,-305.3235,-255.0,0
162801.0,-0.2332,0.0393,-304.5887,-255.0,0
162809.0,-0.2332,-0.0393,-305.1113,-255.0,0
162819.0,-0.2332,0.0469,-304.4131,-255.0,0
162831.0,-0.2332,-0.0578,-303.8355,-255.0,0
162841.0,-0.2332,0.0567,-304.4883,-255.0,0
162851.0,-0.2332,-0.0676,-303.8977,-255.0,0
162859.0,-0.2332,0.0611,-303.4091,-255.0,0
162870.0,-0.2332,-0.0774,-304.1355,-255.0,0
162881.0,-0.2343,0.0676,-304.7364,-255.0,0
162891.0,-0.2332,-0.0927,-304.103,-255.0,0
162901.0,-0.2343,0.0753,-303.5789,-255.0,0
162909.0,-0.2343,-0.0894,-303.1455,-255.0,0
162920.0,-0.2332,0.0633,-302.7868,-255.0,0
162931.0,-0.2332,-0.0785,-303.6207,-255.0,0
162941.0,-0.2343,0.0676,-303.18,-255.0,0
162952.0,-0.2332,-0.0676,-302.8154,-255.0,0
162960.0,-0.2332,0.0611,-303.6443,-255.0,0
162970.0,-0.2343,-0.0491,-303.1996,-255.0,0
162981.0,-0.2343,0.0425,-302.8316,-255.0,0
162991.0,-0.2332,-0.0404,-302.5272,-255.0,0
163002.0,-0.2332,0.0327,-302.2754,-255.0,0
163010.0,-0.2332,-0.012,-302.067,-255.0,0
163020.0,-0.2332,0.0076,-301.8947,-255.0,0
163032.0,-0.2343,-0.0087,-301.7521,-255.0,0
163042.0,-0.2332,-0.0196,-301.6342,-255.0,0
163052.0,-0.2343,0.0338,-301.5366,-255.0,0
163060.0,-0.2343,-0.0393,-301.4559,-255.0,0
163071.0,-0.2332,0.0371,-301.3891,-255.0,0
163082.0,-0.2332,-0.0469,-301.3339,-255.0,0
163092.0,-0.2343,0.0524,-301.2882,-255.0,0
163102.0,-0.2332,-0.0567,-301.2504,-255.0,0
163110.0,-0.2332,0.0644,-301.2191,-255.0,0
163121.0,-0.2343,-0.0742,-301.1932,-255.0,0
163132.0,-0.2343,0.0458,-301.1718,-255.0,0
163142.0,-0.2332,-0.0654,-301.1541,-255.0,0
163152.0,-0.2343,0.0731,-301.1395,-255.0,0
163161.0,-0.2343,-0.0949,-301.1273,-255.0,0
163171.0,-0.2343,0.0829,-301.1173,-255.0,0
163182.0,-0.2332,-0.0807,-301.109,-255.0,0
163192.0,-0.2343,0.0851,-299.9716,-255.0,0
163202.0,-0.2343,-0.0851,-300.1613,-255.0,0
163211.0,-0.2343,0.0818,-300.3181,-255.0,0
163221.0,-0.2343,-0.0676,-299.3173,-255.0,0
163232.0,-0.2343,0.0611,-299.6199,-255.0,0
163242.0,-0.2343,-0.0447,-299.8703,-255.0,0
163253.0,-0.2343,0.0262,-300.0774,-255.0,0
163261.0,-0.2343,-0.0175,-300.2487,-255.0,0
163271.0,-0.2343,-0.0065,-299.2599,-255.0,0
163282.0,-0.2343,0.0131,-298.442,-255.0,0
163292.0,-0.2343,-0.0273,-298.8958,-255.0,0
163303.0,-0.2343,0.0338,-299.2712,-255.0,0
163311.0,-0.2343,-0.0545,-299.5818,-255.0,0
163321.0,-0.2343,0.0545,-298.7082,-255.0,0
163332.0,-0.2343,-0.0578,-297.9855,-255.0,0
163342.0,-0.2343,0.06,-298.5182,-255.0,0
163353.0,-0.2343,-0.0742,-298.9589,-255.0,0
163361.0,-0.2343,0.0796,-298.1929,-255.0,0
163372.0,-0.2343,-0.0818,-297.5592,-255.0,0
163383.0,-0.2343,0.0862,-298.1655,-255.0,0
